"Id","Name","Caption","RolePermissionModuleId","Priority","Description","Type","NavigationKey","ParentId"
"CB4A6571-9A1E-4415-A71A-087E18FB7E2C","Update Strategic Objectives","so.update","FA0642B4-F968-4AAD-810F-03CB3919DF46","2","","2","",""
"29230A0B-2F4E-4FFE-AED2-08B30C532BBA","Update All Project Folder","projectfolder.update.all","54F9A13C-9EBC-41F7-81B5-F76B265495AA","2","","2","","EA2BB829-3808-4121-A49B-9648D86D7B32"
"B2EA5240-4F67-47D0-A08E-09589880291D","Read Expense","expense.read","00B9ADED-3088-4193-8378-4F954EA5C0E5","4","","4","time-entry-new,time-entry",""
"E2C4D261-024E-43AC-8A46-0E99047138BA","Delete User","user.delete","E3496268-4D68-4FBB-93E6-A4B0511C1238","3","","3","",""
"83B4A35F-C8CB-4861-BC9F-0FA69BB574D2","Update User","user.update","E3496268-4D68-4FBB-93E6-A4B0511C1238","2","","2","users",""
"9FED01A0-73D2-4B1C-8813-0FAB490475D2","Read Strategic Objectives","so.read","FA0642B4-F968-4AAD-810F-03CB3919DF46","4","","4","strategic-objective;strategic-objective,view",""
"3DA1E5E2-EC07-4A5F-909D-11CC24104BF7","Expense","expense.read.report","57241F67-E4BC-4E6F-98AD-33E1CB8D7365","5","","4","",""
"625D0312-2E3B-46EF-8AD7-132B23841900","Convert Project Type","project.convert","07601893-B13B-4FEC-8D7D-B353C2FE3FEA","6","","2","",""
"4EEA46BA-1A79-4103-A8A6-19C87199DF08","System Lock","systemlock","4F2920B1-D03C-49A8-9E9A-E0BF56143062","1","","4","system-lock",""
"848A7D5D-F7F4-4B9F-88E9-1DA8D5DFE138","Delete Time Entry","te.delete","0688C001-6554-46CA-BECD-C57964F87CCF","3","","3","",""
"6E204CEF-2400-43A8-B3CD-1EAA065D06D4","Read Timeentry Performance Report of User","te.read.user.report","57241F67-E4BC-4E6F-98AD-33E1CB8D7365","10","","4","reports;reports,user-time-entry-report",""
"EAE1BA01-832F-458E-8544-235C0559A898","Create Account","account.create","F30928C2-7785-4DE1-B1EA-EBCE12F20BFE","1","","1","",""
"3A1C528D-1203-4DB1-9DAB-2933028CB130","Read All Users","user.read.all","E3496268-4D68-4FBB-93E6-A4B0511C1238","6","","4","users","93378FCB-CA80-4E03-8DB3-C95C437D2295"
"5C2FA2AE-B4C8-462A-9E16-2A37A9D07FE3","Send Email Confirmation","user.send.emailconfirmation","E3496268-4D68-4FBB-93E6-A4B0511C1238","9","","4","users",""
"E6DC03FC-2424-45C9-8189-2AE52070F35A","Update Account Status","account.update.status","F30928C2-7785-4DE1-B1EA-EBCE12F20BFE","2","","2","account,manage;account,engagement","92183E26-53CE-4F6B-8AE1-8144C18DE751"
"F40EC6BE-1A13-4F4C-B38D-2BB4B5533F5A","Create User","user.create","E3496268-4D68-4FBB-93E6-A4B0511C1238","1","","1","users",""
"F573704E-C76F-4240-A3CD-2F6F3E81016A","Notification","notification","1CF1F363-A8EB-4403-A98D-BA8E5A0D2605","1","","4","notification",""
"D7F9C8D3-78BA-4375-8A63-309029972E66","Delete Account","account.delete","F30928C2-7785-4DE1-B1EA-EBCE12F20BFE","5","","3","",""
"21F058BF-944E-4E20-8CE0-325B2171837E","Assign to Any User","project.assign.all","07601893-B13B-4FEC-8D7D-B353C2FE3FEA","10","","2","","105891C8-B8F1-4DB4-AC3D-54146A99208E"
"472809BE-8A7C-4B3F-AE6E-32C1B248BD9F","Read Project Folder","projectfolder.read","54F9A13C-9EBC-41F7-81B5-F76B265495AA","4","","4","project,group-project",""
"AE99BE23-E9D8-4111-AA9E-358CF650638D","Assign to Users in Account/Department","project.assign.underaccountordepartment","07601893-B13B-4FEC-8D7D-B353C2FE3FEA","10","","2","","105891C8-B8F1-4DB4-AC3D-54146A99208E"
"19B9B066-F3D2-4E2B-B261-389DC18FDDC7","Read All Timeentry Report Under OU","te.read.all.report.underou","57241F67-E4BC-4E6F-98AD-33E1CB8D7365","3","","4","reports;reports,time-entry-report","9259E709-F935-4B94-9FEA-93C634AE2787"
"7C7EFD89-53C7-4EC9-A568-392FEE66598C","Read Role","role.read","8D09174B-4F11-4DA0-BA03-90130FFEC703","4","","4","role",""
"7FF0659C-499D-44E1-9F60-395C166760F5","Delete Department","department.delete","6083B25A-05D1-4C5C-8F8F-1056CB260C6A","5","","3","",""
"E22C700A-A232-4063-85FF-3A5F64246E74","Delete Project","project.delete","07601893-B13B-4FEC-8D7D-B353C2FE3FEA","3","","3","",""
"BE7701D8-F764-4D2C-B008-3C24B348FA2B","Read Project Folder Under Account","projectfolder.read.underaccount","54F9A13C-9EBC-41F7-81B5-F76B265495AA","8","","4","project,group-project","472809BE-8A7C-4B3F-AE6E-32C1B248BD9F"
"FEBD444B-077C-482B-BC40-3E725027CD9E","Read All User's Time Forecasts","teforecast.read.all.user.projection","57241F67-E4BC-4E6F-98AD-33E1CB8D7365","13","","4","reports;reports,time-entry-report-supervisor","42A74A17-251E-44AD-B377-D3D3586526AB"
"0DD4411B-1DBD-4D67-9003-3F66F5EBE44B","Read Any Users Time Entry","te.read.anyusers","0688C001-6554-46CA-BECD-C57964F87CCF","7","","4","time-entry-new;time-entry","D7C1D514-02A1-463C-8D43-5A995B559124"
"067B7450-F447-4BF5-AB1C-3FA1846D9B98","Read Subordinates Users","user.read.all.subordinate","E3496268-4D68-4FBB-93E6-A4B0511C1238","8","","4","users","93378FCB-CA80-4E03-8DB3-C95C437D2295"
"3940A5C5-AB36-40BA-95ED-41374EF1B34E","Delete OU","ou.delete","733E4F13-4ACD-49F1-AE26-87AD3B44335C","3","","3","",""
"8200A4BF-D9B6-4760-8F36-42510AB2053C","Update Time Entry Code","tec.update","52E66612-DD6C-43A3-9920-A34DFF802114","2","","2","",""
"5E6B0B7E-CCBB-4DC8-9087-428336557A2A","Create Project Folder","projectfolder.create","54F9A13C-9EBC-41F7-81B5-F76B265495AA","1","","1","",""
"EFF0E7C9-9CDB-4582-9654-42ADFF0C9F3C","Read Subordinates Expense","expense.read.subordinate","00B9ADED-3088-4193-8378-4F954EA5C0E5","6","","4","time-entry-new,time-entry","B2EA5240-4F67-47D0-A08E-09589880291D"
"4D8F5E56-9803-4A86-8FF3-4575575E3A71","Delete Own Strategic Objectives","so.delete.own","FA0642B4-F968-4AAD-810F-03CB3919DF46","3","","3","","A9109A21-A202-4B69-A1A7-807C12036616"
"605118FC-6446-4DCE-A7AA-464FEF54B03C","Read Directly Assigned Account","account.read.directlyassigned","F30928C2-7785-4DE1-B1EA-EBCE12F20BFE","7","","4","account;account,detail","FDB1B8C0-7DE1-4221-8366-7B43E04DAF23"
"57EF8505-6922-48DF-B9EE-47B5BFE5DC1B","Read Project Folder Under Account or Department","projectfolder.read.underaccountordepartment","54F9A13C-9EBC-41F7-81B5-F76B265495AA","9","","4","project,group-project","472809BE-8A7C-4B3F-AE6E-32C1B248BD9F"
"D498AD0A-613D-4068-A45D-484FA4D0970E","Billing","billing","B85B9901-3FA4-49FA-A234-B348868B04B1","1","","4","billing",""
"C4ABC3BB-69C4-49F7-A4ED-490758A75C16","Assign to Users in Account/Department","projectfolder.assign.underaccountordepartment","54F9A13C-9EBC-41F7-81B5-F76B265495AA","11","","1","","5B15E21B-280C-4251-A150-BAAA6D41B662"
"4664F0CD-B134-424B-899F-49EB6A48C8AB","Read All Expense Report of Subordinate","expense.read.all.report.subordinate","57241F67-E4BC-4E6F-98AD-33E1CB8D7365","8","","4","reports;reports,expense-report","3DA1E5E2-EC07-4A5F-909D-11CC24104BF7"
"8C8F4D95-A45F-4E13-84CC-4D6C59EB5812","Read User Assigned Project Folder","projectfolder.read.userassigned","54F9A13C-9EBC-41F7-81B5-F76B265495AA","6","","4","project,group-project","472809BE-8A7C-4B3F-AE6E-32C1B248BD9F"
"980AA609-E683-472C-9424-4EA91C26DE0E","Read Task Performance Report of User","task.read.user.report","57241F67-E4BC-4E6F-98AD-33E1CB8D7365","11","","4","reports;reports,user-time-entry-report",""
"1BEA1231-9E3D-4BB2-806F-51FF2068C4A7","Assign to Users","so.assign","FA0642B4-F968-4AAD-810F-03CB3919DF46","10","","2","",""
"105891C8-B8F1-4DB4-AC3D-54146A99208E","Assign to Users","project.assign","07601893-B13B-4FEC-8D7D-B353C2FE3FEA","10","","2","",""
"649F831C-B74B-4641-ACDD-553E78BFB362","Create OU","ou.create","733E4F13-4ACD-49F1-AE26-87AD3B44335C","1","","1","",""
"22832648-A1DD-4276-80B9-57197A0F70EF","Update All Task","task.update.all","CDF3A9AA-EC90-4F11-A704-99FFD6E8CFCC","2","","2","","319C8D9E-3EFE-40E2-87E4-B9C5E565C2E8"
"D7C1D514-02A1-463C-8D43-5A995B559124","Read Time Entry","te.read","0688C001-6554-46CA-BECD-C57964F87CCF","4","","4","time-entry-new;time-entry",""
"67F849E0-AB11-40ED-8123-5B19496A7832","Create Project","project.create","07601893-B13B-4FEC-8D7D-B353C2FE3FEA","1","","1","",""
"45185412-AED4-4E49-8274-5C42DB7E0C33","Delete All Task","task.delete.all","CDF3A9AA-EC90-4F11-A704-99FFD6E8CFCC","3","","3","","941837F1-C831-4FAF-AE69-6F293F46A944"
"3C933AA3-130E-4943-AA16-5D4C5FF00716","Assign to Users in Account/Department","so.assign.underaccountordepartment","FA0642B4-F968-4AAD-810F-03CB3919DF46","10","","2","","1BEA1231-9E3D-4BB2-806F-51FF2068C4A7"
"3D62FE4D-1155-4B10-91FF-5F63B8DAE940","Settings","setting","4994C474-084E-4D70-B4B6-C8F02664B6C7","1","","4","setting;switch-user",""
"C472D61B-4A23-492A-B376-5F69151AA3E5","Read All Account","account.read.all","F30928C2-7785-4DE1-B1EA-EBCE12F20BFE","7","","4","account;account,detail","FDB1B8C0-7DE1-4221-8366-7B43E04DAF23"
"11792EAD-5AA4-40BC-883A-609377C05732","Delete Own Task","task.delete.own","CDF3A9AA-EC90-4F11-A704-99FFD6E8CFCC","3","","3","","941837F1-C831-4FAF-AE69-6F293F46A944"
"6C215705-30CA-4399-AFA7-64B3B94DFD53","Read Any Users Expense","expense.read.anyusers","00B9ADED-3088-4193-8378-4F954EA5C0E5","7","","4","time-entry-new,time-entry","B2EA5240-4F67-47D0-A08E-09589880291D"
"88A9EAB8-1929-4B9F-9E91-66C46B78BACB","Spoof User","user.spoof","E3496268-4D68-4FBB-93E6-A4B0511C1238","4","","4","switch-user",""
"7ACA0734-E1DC-4923-93D8-66CF07B70A33","Update All User","user.update.all","E3496268-4D68-4FBB-93E6-A4B0511C1238","2","","2","users","83B4A35F-C8CB-4861-BC9F-0FA69BB574D2"
"8F8BD4BD-284A-4DA9-BD51-6A770944043E","Assign to Users in OU","so.assign.underou","FA0642B4-F968-4AAD-810F-03CB3919DF46","10","","2","","1BEA1231-9E3D-4BB2-806F-51FF2068C4A7"
"DF9195C0-0170-4BB5-9360-6AB9FBE211FE","Assign to Users in OU","project.assign.underou","07601893-B13B-4FEC-8D7D-B353C2FE3FEA","10","","2","","105891C8-B8F1-4DB4-AC3D-54146A99208E"
"843F863D-EA4C-45B9-AC6B-6E2B7E0E4901","Read Time Entry Of Subordinate","te.read.all.review","5BEE1C6E-55F4-490C-B3F0-D15E718714F3","1","","4","time-expense-review",""
"01E5A041-9A63-45B3-A467-6F12BC18EDCF","Invoice Center","invoice","49A06FD2-B143-4498-8F04-E0AB09596CB9","1","","4","invoice-center;invoice-center,manual-invoice;invoice-center,details",""
"941837F1-C831-4FAF-AE69-6F293F46A944","Delete Task","task.delete","CDF3A9AA-EC90-4F11-A704-99FFD6E8CFCC","3","","3","",""
"38AF73C8-0FAF-4385-AA01-6F89D0268C0F","Delete Project Folder","projectfolder.delete","54F9A13C-9EBC-41F7-81B5-F76B265495AA","3","","3","",""
"E6AD1C48-4477-41ED-9714-6FD1079B8086","Read Strategic Objectives Under Account or Department","so.read.underaccountordepartment","FA0642B4-F968-4AAD-810F-03CB3919DF46","9","","4","strategic-objective;strategic-objective,view","9FED01A0-73D2-4B1C-8813-0FAB490475D2"
"7948E21C-5DDE-4E76-A46B-7372C2743312","Read All Strategic Objectives","so.read.all","FA0642B4-F968-4AAD-810F-03CB3919DF46","5","","4","strategic-objective;strategic-objective,view","9FED01A0-73D2-4B1C-8813-0FAB490475D2"
"048E0CC3-4719-44AC-816B-7416D5552B31","Read Subordinate Time Forecasts","teforecast.read.all.subordinate.projection","57241F67-E4BC-4E6F-98AD-33E1CB8D7365","14","","4","reports;reports,time-entry-report-supervisor","42A74A17-251E-44AD-B377-D3D3586526AB"
"44634640-4A17-4484-B304-748A0A96A56C","Delete All Project","project.delete.all","07601893-B13B-4FEC-8D7D-B353C2FE3FEA","3","","3","","E22C700A-A232-4063-85FF-3A5F64246E74"
"8E724BA3-3523-447F-A1C0-77BE2E08776E","Read Project Under Account","project.read.underaccount","07601893-B13B-4FEC-8D7D-B353C2FE3FEA","8","","4","project;project,classic;kanban","45A6B81F-2CE6-436C-991B-9BC09A715340"
"7CCDBCD3-FB19-4CE8-83ED-77BFE1F4351F","Read Account Under OU,","account.read.underou","F30928C2-7785-4DE1-B1EA-EBCE12F20BFE","8","","4","account;account,detail","FDB1B8C0-7DE1-4221-8366-7B43E04DAF23"
"39DFE804-3F69-4E34-9517-7A587CC2F19D","Assign to Any User","so.assign.all","FA0642B4-F968-4AAD-810F-03CB3919DF46","10","","2","","1BEA1231-9E3D-4BB2-806F-51FF2068C4A7"
"73EE03BF-847A-4121-A788-7A7C03B3BEF8","Read Assigned OU","ou.read.assigned","733E4F13-4ACD-49F1-AE26-87AD3B44335C","6","","4","organizational-unit","F7CA906B-2158-4A9C-A384-B1ED51BD45C2"
"FDB1B8C0-7DE1-4221-8366-7B43E04DAF23","Read Account","account.read","F30928C2-7785-4DE1-B1EA-EBCE12F20BFE","6","","4","account;account,detail;account,timesheet",""
"E525112E-E650-49F6-AF88-7DE30CB1B085","Read Strategic Objectives Under Account","so.read.underaccount","FA0642B4-F968-4AAD-810F-03CB3919DF46","8","","4","strategic-objective;strategic-objective,view","9FED01A0-73D2-4B1C-8813-0FAB490475D2"
"6436D52A-74A3-49F8-A4AD-7E0AB44F4972","Read Project Under OU","project.read.underou","07601893-B13B-4FEC-8D7D-B353C2FE3FEA","7","","4","project;project,classic;kanban","45A6B81F-2CE6-436C-991B-9BC09A715340"
"E86890B5-68C5-403C-A843-7ED5E8D62D80","Read Time Entry Codes Under Account","tec.read.underaccount","52E66612-DD6C-43A3-9920-A34DFF802114","7","","4","time-entry-code","1496651E-2049-48A1-A4B6-E8E71E2F14F0"
"A9109A21-A202-4B69-A1A7-807C12036616","Delete Strategic Objectives","so.delete","FA0642B4-F968-4AAD-810F-03CB3919DF46","3","","3","",""
"92183E26-53CE-4F6B-8AE1-8144C18DE751","Update Account","account.update","F30928C2-7785-4DE1-B1EA-EBCE12F20BFE","2","","2","account,manage;account,engagement",""
"7FAAEFB8-2F75-4594-B45E-81C8C6DBBBC4","Update Whole Page Department","department.update.wholepage","6083B25A-05D1-4C5C-8F8F-1056CB260C6A","3","","2","department,manage","A4E1A028-4D09-4397-AB4C-D33E3B16856D"
"F8BEDCC4-4A6F-4D9B-A747-83559486F4B7","Read Department","department.read","6083B25A-05D1-4C5C-8F8F-1056CB260C6A","6","","4","department;department,detail;department,timesheet",""
"7272463B-A1B2-47D2-BF54-8397E810A07D","Update Role","role.update","8D09174B-4F11-4DA0-BA03-90130FFEC703","2","","2","role,edit",""
"8B168885-5131-4D63-AA53-843A552A407D","Read User Assigned Department","department.read.userassigned","6083B25A-05D1-4C5C-8F8F-1056CB260C6A","9","","4","department","F8BEDCC4-4A6F-4D9B-A747-83559486F4B7"
"40624E09-4826-478B-86AC-868D2CD7869C","Delete Expense Type","expensetype.delete","DB5E1E5D-8F25-4B03-8B99-AB01B6FADDA5","3","","3","",""
"A4FDF055-98F6-4BB6-84B0-86914084D3D4","Read Internal User Dashboard","dashboard.internal.read","6216AFDA-BFF1-4C20-9534-6833EAD8A10A","1","","4","dashboard",""
"D8EFB02F-8172-40BA-B285-8998BA7DBEC9","Read Only Account Detail","account.update.readonly","F30928C2-7785-4DE1-B1EA-EBCE12F20BFE","4","","2","account;account,detail;account,timesheet","92183E26-53CE-4F6B-8AE1-8144C18DE751"
"43DC7EC5-2B46-417E-9B8F-89BF9B281421","Read All Time Entry Users","user.read.all.timeentry","E3496268-4D68-4FBB-93E6-A4B0511C1238","7","","4","users","93378FCB-CA80-4E03-8DB3-C95C437D2295"
"5DD7A223-26B5-4DFB-B103-8FC6AFC89B47","Update OU","ou.update","733E4F13-4ACD-49F1-AE26-87AD3B44335C","2","","2","",""
"7BEB2E91-1462-4BAB-A206-90A8B14E27E7","Send Password Change Link","user.sendpasswordchangelink","E3496268-4D68-4FBB-93E6-A4B0511C1238","9","","4","users",""
"63BA850B-2368-4923-977D-91AE0D47948E","Read Strategic Objectives Under OU","so.read.underou","FA0642B4-F968-4AAD-810F-03CB3919DF46","7","","4","strategic-objective;strategic-objective,view","9FED01A0-73D2-4B1C-8813-0FAB490475D2"
"A6ACECA1-70E2-4F35-80C5-92D3D9DA4A0B","Delete Own Project","project.delete.own","07601893-B13B-4FEC-8D7D-B353C2FE3FEA","3","","3","","E22C700A-A232-4063-85FF-3A5F64246E74"
"51C6626E-5CE3-4A2B-A582-9305F1BA5CF6","Read All Internal Time Entry Code","tec.read.internal","52E66612-DD6C-43A3-9920-A34DFF802114","6","","4","time-entry-code","1496651E-2049-48A1-A4B6-E8E71E2F14F0"
"9259E709-F935-4B94-9FEA-93C634AE2787","Time Entry","te.read.report","57241F67-E4BC-4E6F-98AD-33E1CB8D7365","1","","4","",""
"EA2BB829-3808-4121-A49B-9648D86D7B32","Update Project Folder","projectfolder.update","54F9A13C-9EBC-41F7-81B5-F76B265495AA","2","","2","",""
"D07E8086-4280-4F52-8294-973743917968","Read Messaging Report","message.read.all.user","57241F67-E4BC-4E6F-98AD-33E1CB8D7365","15","","4","reports;reports,messaging-report",""
"60C0348E-AB3D-4A3C-80DE-99A0CAF635B6","Search All","globalsearch.read.all","F022B2B2-0D93-4422-99DF-FCBF6493B9A3","2","","4","global-search","D33EF5F5-5257-4CBE-B0D4-B645DDB8E609"
"45A6B81F-2CE6-436C-991B-9BC09A715340","Read Project","project.read","07601893-B13B-4FEC-8D7D-B353C2FE3FEA","4","","4","project;project,classic;project,sow-history;kanban;project,quick-list",""
"693DC0F9-229B-4430-A578-9C09A18F6651","Update All Strategic Objectives","so.update.all","FA0642B4-F968-4AAD-810F-03CB3919DF46","2","","2","","CB4A6571-9A1E-4415-A71A-087E18FB7E2C"
"F5B81E7B-2544-4B54-A7FC-9C8759FE2C4A","Read All Expense Report","expense.read.all.report","57241F67-E4BC-4E6F-98AD-33E1CB8D7365","6","","4","reports;reports,expense-report","3DA1E5E2-EC07-4A5F-909D-11CC24104BF7"
"18A7E277-1236-472E-9F7B-9D2884F58E2E","Update All Project","project.update.all","07601893-B13B-4FEC-8D7D-B353C2FE3FEA","2","","2","","9B30412D-2F5F-439A-9571-C8BA019B7FD6"
"C328493D-A560-498F-AF05-A35DB7B43988","Create Customization","customization.create","E92A4D47-8214-4B48-B789-2C5A71872BAA","2","","1","customization;customization","86F2AE6E-4F37-4F6B-92A3-B533CF05D0FC"
"AF02F7E0-AF16-43F3-9272-A3A2DF9A1283","Read Department Under OU","department.read.underou","6083B25A-05D1-4C5C-8F8F-1056CB260C6A","8","","4","department","F8BEDCC4-4A6F-4D9B-A747-83559486F4B7"
"FD5B4FD1-7002-4D8B-ACDF-A40F3D7FE672","Unlock Project Folder","projectfolder.unlock","54F9A13C-9EBC-41F7-81B5-F76B265495AA","10","","4","project,group-project",""
"EB2E2906-16CC-4C56-9E13-A68C4527D55E","Update External User","user.update.external","E3496268-4D68-4FBB-93E6-A4B0511C1238","2","","2","users","83B4A35F-C8CB-4861-BC9F-0FA69BB574D2"
"C3572B61-2F76-4BEC-A50E-A85BB754DDFF","Read Time Entry Users Under OU","user.read.all.timeentry.ou","E3496268-4D68-4FBB-93E6-A4B0511C1238","9","","4","users","93378FCB-CA80-4E03-8DB3-C95C437D2295"
"00BBE307-B1A5-43F5-87D2-ACC94CEA8BD4","Read All Department","department.read.all","6083B25A-05D1-4C5C-8F8F-1056CB260C6A","7","","4","department","F8BEDCC4-4A6F-4D9B-A747-83559486F4B7"
"565CD5F0-C8B9-45C7-8675-AF02C1E0C556","Update Time Entry","te.update","0688C001-6554-46CA-BECD-C57964F87CCF","2","","2","",""
"F7CA906B-2158-4A9C-A384-B1ED51BD45C2","Read OU","ou.read","733E4F13-4ACD-49F1-AE26-87AD3B44335C","4","","4","organizational-unit",""
"1B1BFA0B-4712-4440-A76C-B21DBC59CC57","Create All User","user.create.all","E3496268-4D68-4FBB-93E6-A4B0511C1238","1","","1","users","F40EC6BE-1A13-4F4C-B38D-2BB4B5533F5A"
"AE8D1B89-B616-42BA-BC48-B24E621ABAF4","Search Only User Assigned","globalsearch.read.assigned","F022B2B2-0D93-4422-99DF-FCBF6493B9A3","3","","4","global-search","D33EF5F5-5257-4CBE-B0D4-B645DDB8E609"
"86F2AE6E-4F37-4F6B-92A3-B533CF05D0FC","Customization","customization","E92A4D47-8214-4B48-B789-2C5A71872BAA","1","","4","customization;customization",""
"D33EF5F5-5257-4CBE-B0D4-B645DDB8E609","Global Search","globalsearch.read","F022B2B2-0D93-4422-99DF-FCBF6493B9A3","1","","4","global-search",""
"C61CC4E1-CFCD-46B1-BC65-B7102884CF69","Update Own Strategic Objectives","so.update.own","FA0642B4-F968-4AAD-810F-03CB3919DF46","2","","2","","CB4A6571-9A1E-4415-A71A-087E18FB7E2C"
"AE076888-B297-4F5C-A8DF-B7575FCE6B7E","Read All Expense Report Under OU","expense.read.all.report.underou","57241F67-E4BC-4E6F-98AD-33E1CB8D7365","7","","4","reports;reports,expense-report","3DA1E5E2-EC07-4A5F-909D-11CC24104BF7"
"319C8D9E-3EFE-40E2-87E4-B9C5E565C2E8","Update Task","task.update","CDF3A9AA-EC90-4F11-A704-99FFD6E8CFCC","2","","2","",""
"8CE37FE3-AE2D-4780-AA41-BAA12E1E74BA","Read Subordinates Time Entry","te.read.subordinate","0688C001-6554-46CA-BECD-C57964F87CCF","6","","4","time-entry-new;time-entry","D7C1D514-02A1-463C-8D43-5A995B559124"
"5B15E21B-280C-4251-A150-BAAA6D41B662","Assign to Users","projectfolder.assign","54F9A13C-9EBC-41F7-81B5-F76B265495AA","11","","2","",""
"97EBFFB2-26F4-4DA2-9E63-BC8AB7CEDA2D","Update Own Project Folder","projectfolder.update.own","54F9A13C-9EBC-41F7-81B5-F76B265495AA","2","","2","","EA2BB829-3808-4121-A49B-9648D86D7B32"
"46017C9B-C6E8-4AE6-9952-BDA49ECB00F8","Read All Time Entry Report","te.read.all.report","57241F67-E4BC-4E6F-98AD-33E1CB8D7365","2","","4","reports;reports,time-entry-report","9259E709-F935-4B94-9FEA-93C634AE2787"
"F62DAC14-EEB5-467C-9A30-C0376EBBF427","Read All Project","project.read.all","07601893-B13B-4FEC-8D7D-B353C2FE3FEA","5","","4","project;project,classic;kanban","45A6B81F-2CE6-436C-991B-9BC09A715340"
"00C716EB-68C4-47A7-93A4-C0AEAB570C55","Create Task","task.create","CDF3A9AA-EC90-4F11-A704-99FFD6E8CFCC","1","","1","",""
"3A74234B-6C87-4FAB-A3DE-C249B396DF87","Read Sold By User Account,","account.read.soldbyuser","F30928C2-7785-4DE1-B1EA-EBCE12F20BFE","9","","4","account;account,detail","FDB1B8C0-7DE1-4221-8366-7B43E04DAF23"
"ED2FFB0D-F1CC-4F6E-8519-C24E81583C57","Read All Time Entry Code","tec.read.all","52E66612-DD6C-43A3-9920-A34DFF802114","5","","4","time-entry-code","1496651E-2049-48A1-A4B6-E8E71E2F14F0"
"4C43A285-9118-4F9A-BB59-C386D1AB747F","Read All OU","ou.read.all","733E4F13-4ACD-49F1-AE26-87AD3B44335C","5","","4","organizational-unit","F7CA906B-2158-4A9C-A384-B1ED51BD45C2"
"AE232BDA-FDB9-4655-A91A-C551624E395E","Read External Assigned Account","account.read.externalassigned","F30928C2-7785-4DE1-B1EA-EBCE12F20BFE","7","","4","account;account,detail","FDB1B8C0-7DE1-4221-8366-7B43E04DAF23"
"B6485B51-F8F9-48BE-B0BF-C68AB90088AD","Calendar","calendar","534C6DAD-B669-4A61-8DC0-6CA4EC9694D7","1","","4","calendar",""
"DCA5F9B0-57EB-40D4-A7B6-C75D32E3686F","Create External User","user.create.external","E3496268-4D68-4FBB-93E6-A4B0511C1238","1","","1","users","F40EC6BE-1A13-4F4C-B38D-2BB4B5533F5A"
"9B30412D-2F5F-439A-9571-C8BA019B7FD6","Update Project","project.update","07601893-B13B-4FEC-8D7D-B353C2FE3FEA","2","","2","",""
"DFAD397C-6C18-4CCD-B6C9-C935550B5639","Delete All Project Folder","projectfolder.delete.all","54F9A13C-9EBC-41F7-81B5-F76B265495AA","3","","3","","38AF73C8-0FAF-4385-AA01-6F89D0268C0F"
"93378FCB-CA80-4E03-8DB3-C95C437D2295","Read User","user.read","E3496268-4D68-4FBB-93E6-A4B0511C1238","5","","4","users",""
"E198E5EB-D832-4BC1-B682-CB825D973D3B","Read Project Folder Under OU","projectfolder.read.underou","54F9A13C-9EBC-41F7-81B5-F76B265495AA","7","","4","project,group-project","472809BE-8A7C-4B3F-AE6E-32C1B248BD9F"
"9DFC54D3-62EE-4FB9-8B51-CC9BAAFA000C","Read External User Dashboard","dashboard.external.read","6216AFDA-BFF1-4C20-9534-6833EAD8A10A","2","","4","home",""
"4138FB25-FA35-4FEC-BF54-CCA007FD0C39","Delete Expense","expense.delete","00B9ADED-3088-4193-8378-4F954EA5C0E5","3","","3","",""
"48D21F7C-07D2-4030-9E39-CDBB2DCF3B9C","Delete Time Entry Code","tec.delete","52E66612-DD6C-43A3-9920-A34DFF802114","3","","3","",""
"38995B0D-6F4D-41B0-A77B-CDD53F4A7A36","Create Department","department.create","6083B25A-05D1-4C5C-8F8F-1056CB260C6A","1","","1","department,create",""
"0B8D1425-0AC2-4177-A32F-CED899786899","Read User Assigned Strategic Objectives","so.read.userassigned","FA0642B4-F968-4AAD-810F-03CB3919DF46","6","","4","strategic-objective;strategic-objective,view","9FED01A0-73D2-4B1C-8813-0FAB490475D2"
"A8B0E216-9448-4F2B-97A0-CF38AAF91F11","Read Own Expense","expense.read.own","00B9ADED-3088-4193-8378-4F954EA5C0E5","5","","4","time-entry-new,time-entry","B2EA5240-4F67-47D0-A08E-09589880291D"
"E8C068E9-B7D9-4CF1-B886-CF55F0806D1A","Update Whole Page Account","account.update.wholepage","F30928C2-7785-4DE1-B1EA-EBCE12F20BFE","3","","2","account,manage;account,engagement","92183E26-53CE-4F6B-8AE1-8144C18DE751"
"A4E1A028-4D09-4397-AB4C-D33E3B16856D","Update Department","department.update","6083B25A-05D1-4C5C-8F8F-1056CB260C6A","2","","2","department,manage",""
"42A74A17-251E-44AD-B377-D3D3586526AB","Time Forecasts","teforecast.read.user.projection","57241F67-E4BC-4E6F-98AD-33E1CB8D7365","12","","4","",""
"22CB9C19-84F3-4DFE-874D-D5111DE92D79","Read Expense Type","expensetype.read","DB5E1E5D-8F25-4B03-8B99-AB01B6FADDA5","4","","4","expense-type",""
"EFD494E2-D700-47E1-A3A5-D691A9A6ACFF","Read Customization","customization.read","E92A4D47-8214-4B48-B789-2C5A71872BAA","3","","4","customization;customization","86F2AE6E-4F37-4F6B-92A3-B533CF05D0FC"
"C125B49F-1D53-46EC-B242-D6E7EC856D11","Create Expense Type","expensetype.create","DB5E1E5D-8F25-4B03-8B99-AB01B6FADDA5","1","","1","",""
"3B877BF5-0A94-4B3B-8A74-D70DA4BDB1A9","Update Expense","expense.update","00B9ADED-3088-4193-8378-4F954EA5C0E5","2","","2","",""
"5AA18952-7D1C-4C3C-8F79-D730E917CAFB","Create Time Entry Code","tec.create","52E66612-DD6C-43A3-9920-A34DFF802114","1","","1","",""
"F2D83DA5-07A3-49D5-AFE1-DA010833B56F","Update Own Task","task.update.own","CDF3A9AA-EC90-4F11-A704-99FFD6E8CFCC","2","","2","","319C8D9E-3EFE-40E2-87E4-B9C5E565C2E8"
"A90D69B8-F181-4909-8DD6-DB4283092FF7","Create Expense","expense.create","00B9ADED-3088-4193-8378-4F954EA5C0E5","1","","1","",""
"B268555F-B874-4400-9605-DB5620D9DAF3","Profile","profile","6FDDA679-7078-45B3-B42C-958EDF42C7BC","1","","4","profile,user-profile",""
"358C7CB2-EA8D-4DD2-922F-DBD56ED825F7","Assign User","user.assign","E3496268-4D68-4FBB-93E6-A4B0511C1238","9","","4","users",""
"9861FBD2-B731-44E5-A2DD-DEB6F4E88ED0","Update Own Project","project.update.own","07601893-B13B-4FEC-8D7D-B353C2FE3FEA","2","","2","","9B30412D-2F5F-439A-9571-C8BA019B7FD6"
"6ADC6614-7826-49F7-A79A-DFCF136896DA","Assign to Users in OU","projectfolder.assign.underou","54F9A13C-9EBC-41F7-81B5-F76B265495AA","11","","2","","5B15E21B-280C-4251-A150-BAAA6D41B662"
"79FE661F-6DD2-4DEE-BD56-E4569A1DAC9B","Read Project Under Account or Department","project.read.underaccountordepartment","07601893-B13B-4FEC-8D7D-B353C2FE3FEA","9","","4","project;project,classic;kanban","45A6B81F-2CE6-436C-991B-9BC09A715340"
"18F77835-5259-468B-9328-E632D7FA122C","Pay Period","payperiod","3A05020D-4E90-4A78-B541-F7EF2B09615A","1","","4","pay-period",""
"D2FB75D1-D30F-4F25-A5A9-E7EC0416C6CB","Read All Timeentry Report of Subordinate","te.read.all.report.subordinate","57241F67-E4BC-4E6F-98AD-33E1CB8D7365","4","","4","reports;reports,time-entry-report","9259E709-F935-4B94-9FEA-93C634AE2787"
"1496651E-2049-48A1-A4B6-E8E71E2F14F0","Read Time Entry Code","tec.read","52E66612-DD6C-43A3-9920-A34DFF802114","4","","4","time-entry-code",""
"051E2BF8-FD40-465A-8492-E9772715D7C9","Create Strategic Objectives","so.create","FA0642B4-F968-4AAD-810F-03CB3919DF46","1","","1","",""
"B823C315-50EB-4093-9A54-E9EC0A14E87E","Read Only Department Detail","department.update.readonly","6083B25A-05D1-4C5C-8F8F-1056CB260C6A","4","","2","department,detail;department,timesheet","A4E1A028-4D09-4397-AB4C-D33E3B16856D"
"15676628-3562-45B4-AEB1-EDD84ABE65FC","Delete Own Project Folder","projectfolder.delete.own","54F9A13C-9EBC-41F7-81B5-F76B265495AA","3","","3","","38AF73C8-0FAF-4385-AA01-6F89D0268C0F"
"2595B57C-1548-44EC-8828-EE9538E6E3DF","Update Expense Type","expensetype.update","DB5E1E5D-8F25-4B03-8B99-AB01B6FADDA5","2","","2","",""
"AD2553C6-6812-45A4-8C29-F20A2A29BB95","Create Time Entry","te.create","0688C001-6554-46CA-BECD-C57964F87CCF","1","","1","",""
"430A9693-DE35-498D-8A8D-F34AF696CDF7","Delete Role","role.delete","8D09174B-4F11-4DA0-BA03-90130FFEC703","3","","3","role",""
"8586E124-E33B-4051-B1AA-F46F277083BD","Read All Project Folder","projectfolder.read.all","54F9A13C-9EBC-41F7-81B5-F76B265495AA","5","","4","project,group-project","472809BE-8A7C-4B3F-AE6E-32C1B248BD9F"
"85C1E864-D967-48D5-8B89-F51D15DE7AFE","Read All Time Entry Of Subordinate","te.read.all.subordinate","5BEE1C6E-55F4-490C-B3F0-D15E718714F3","1","","4","time-expense-review","843F863D-EA4C-45B9-AC6B-6E2B7E0E4901"
"E2681FEE-50FF-4EEF-B0C6-F7D2BD54FFFC","Support","support","A62DFA1C-F5FF-47E2-9897-3EEFF52CC6CB","1","","4","support;support,article",""
"6CBEC535-D1C4-45FF-B469-F805D9C775F5","Read All IC Time Entry Of Subordinate","te.read.ic.subordinate","5BEE1C6E-55F4-490C-B3F0-D15E718714F3","2","","4","time-expense-review","843F863D-EA4C-45B9-AC6B-6E2B7E0E4901"
"5C3DA3DA-6C20-43D8-8FBC-FB29558FE836","Assign to Any User","projectfolder.assign.all","54F9A13C-9EBC-41F7-81B5-F76B265495AA","11","","2","","5B15E21B-280C-4251-A150-BAAA6D41B662"
"7F9C9503-BBA8-453E-B6ED-FB3EEA748320","Delete All Strategic Objectives","so.delete.all","FA0642B4-F968-4AAD-810F-03CB3919DF46","3","","3","","A9109A21-A202-4B69-A1A7-807C12036616"
"C385EC99-228A-4DC0-985B-FB629A842606","Read Task","task.read","CDF3A9AA-EC90-4F11-A704-99FFD6E8CFCC","4","","4","project;project,classic;project,sow-history;kanban",""
"D24F54F6-5B8B-431E-81C8-FCA4E3664F69","Create Role","role.create","8D09174B-4F11-4DA0-BA03-90130FFEC703","1","","1","role,create",""
"EE641C8E-35C0-470E-8CCD-FD98F31A5E85","Read User Assigned Project","project.read.userassigned","07601893-B13B-4FEC-8D7D-B353C2FE3FEA","6","","4","project;project,classic;kanban","45A6B81F-2CE6-436C-991B-9BC09A715340"
"13FB0059-EF02-44A9-B2D5-FF2E345CD808","Read Own Time Entry","te.read.own","0688C001-6554-46CA-BECD-C57964F87CCF","5","","4","time-entry-new;time-entry","D7C1D514-02A1-463C-8D43-5A995B559124"
