"Id","Name","APAddress","APEmail","PrimaryAPEmail","City","State","ZipCode","IsRateVisible","DirectlyAssignedUserIds","DirectlyAssignedUsers","AccountAccessUserIds","AccountAccessUsers","InvoiceTypeId","ProjectCount","OrganizationUnitId","OrganizationUnitName","CreatedDate","UpdatedDate","LastTimeEntry","TimeEntryTotalHours","StatusId","Status","UserCount","CreatedBy","UpdatedBy","GroupAssignedUserIds","GroupAssignedUsers","ProjectAssignedUserIds","ProjectAssignedUsers","SoldBy"
"06A3A5D4-F1CE-4473-8857-08DB0083F296","Gatemaster Technology Corporation Inc","5610 Ward Rd Suite 300","sondra@gatemaster.com","sondra@gatemaster.com","Arvada","CO","80002","True","ab995316-ac5b-4f93-3f22-08db008453bf,bb3c2856-1b9b-448b-3f25-08db008453bf","[{""Id"":""ab995316-ac5b-4f93-3f22-08db008453bf"",""Name"":""Joshua Green"",""ImagePath"":""assets/user/portrait_small.png""},{""Id"":""bb3c2856-1b9b-448b-3f25-08db008453bf"",""Name"":""Sonda ."",""ImagePath"":""assets/user/portrait_small.png""}]","487f4a47-9ccf-42bb-d85b-08daf8a9d2b6,c6992e31-6ee2-482c-d85d-08daf8a9d2b6,a753707c-58ab-43a4-d85e-08daf8a9d2b6,ab995316-ac5b-4f93-3f22-08db008453bf,6c52524a-a942-4393-3226-08db08708fc4,4de2fc93-0afa-4b7f-3227-08db08708fc4,65d8196f-526e-40b2-b8b7-08db15fcee0f,56405cb0-f063-4086-1407-08db1e5a891c,aeac3bf4-3962-4bc0-a860-08db200229fa","[{""Id"":""487f4a47-9ccf-42bb-d85b-08daf8a9d2b6"",""Name"":""Wyatt Hite"",""ImagePath"":""assets/user/portrait_small.png""},{""Id"":""c6992e31-6ee2-482c-d85d-08daf8a9d2b6"",""Name"":""Paul Olsen"",""ImagePath"":""assets/user/portrait_small.png""},{""Id"":""a753707c-58ab-43a4-d85e-08daf8a9d2b6"",""Name"":""Jeff Gibbs"",""ImagePath"":""assets/user/portrait_small.png""},{""Id"":""ab995316-ac5b-4f93-3f22-08db008453bf"",""Name"":""Joshua Green"",""ImagePath"":""assets/user/portrait_small.png""},{""Id"":""6c52524a-a942-4393-3226-08db08708fc4"",""Name"":""Christina Jackson"",""ImagePath"":""assets/user/portrait_small.png""},{""Id"":""4de2fc93-0afa-4b7f-3227-08db08708fc4"",""Name"":""Nicholas Petrie"",""ImagePath"":""assets/user/portrait_small.png""},{""Id"":""65d8196f-526e-40b2-b8b7-08db15fcee0f"",""Name"":""Hudsen Christensen"",""ImagePath"":""assets/user/portrait_small.png""},{""Id"":""56405cb0-f063-4086-1407-08db1e5a891c"",""Name"":""Aaron Saisongkham"",""ImagePath"":""assets/user/portrait_small.png""},{""Id"":""aeac3bf4-3962-4bc0-a860-08db200229fa"",""Name"":""Jasmin Smith"",""ImagePath"":""assets/user/portrait_small.png""}]","C55CE1CD-72B5-4186-15F8-08D7926CEEE1","3","57C9E1AD-E9E1-4C03-EB30-08DAF28E3236","Catalyst","2023-01-27 16:31:31.349324","2023-01-27 16:46:31.775103","","0.0","18E42DBE-F9AF-4C90-9F35-DCCDCAD82B51","{""Id"":""18e42dbe-f9af-4c90-9f35-dccdcad82b51"",""Name"":""Active"",""Caption"":""Active""}","4","DA6AC379-A8D7-4507-8182-08DAFF1D643C","DA6AC379-A8D7-4507-8182-08DAFF1D643C","","","da6ac379-a8d7-4507-8182-08daff1d643c,ab995316-ac5b-4f93-3f22-08db008453bf","[{""Id"":""da6ac379-a8d7-4507-8182-08daff1d643c"",""Name"":""Amber Houk"",""ImagePath"":null},{""Id"":""ab995316-ac5b-4f93-3f22-08db008453bf"",""Name"":""Joshua Green"",""ImagePath"":""assets/user/portrait_small.png""}]","AB995316-AC5B-4F93-3F22-08DB008453BF"
"272627EE-17C3-4D08-8858-08DB0083F296","NCF Corporate - Catalyst","210 N 2100 W","ACCOUNTING@NOWCFO.COM, Jgreen@catalystlegalservices.com, ACCOUNTING@NOWCFO.COM","ACCOUNTING@NOWCFO.COM","SLC","UT","84116","True","ab995316-ac5b-4f93-3f22-08db008453bf","[{""Id"":""ab995316-ac5b-4f93-3f22-08db008453bf"",""Name"":""Joshua Green"",""ImagePath"":""assets/user/portrait_small.png""}]","487f4a47-9ccf-42bb-d85b-08daf8a9d2b6,c6992e31-6ee2-482c-d85d-08daf8a9d2b6,a753707c-58ab-43a4-d85e-08daf8a9d2b6,ab995316-ac5b-4f93-3f22-08db008453bf,6c52524a-a942-4393-3226-08db08708fc4,4de2fc93-0afa-4b7f-3227-08db08708fc4,65d8196f-526e-40b2-b8b7-08db15fcee0f,56405cb0-f063-4086-1407-08db1e5a891c,aeac3bf4-3962-4bc0-a860-08db200229fa","[{""Id"":""487f4a47-9ccf-42bb-d85b-08daf8a9d2b6"",""Name"":""Wyatt Hite"",""ImagePath"":""assets/user/portrait_small.png""},{""Id"":""c6992e31-6ee2-482c-d85d-08daf8a9d2b6"",""Name"":""Paul Olsen"",""ImagePath"":""assets/user/portrait_small.png""},{""Id"":""a753707c-58ab-43a4-d85e-08daf8a9d2b6"",""Name"":""Jeff Gibbs"",""ImagePath"":""assets/user/portrait_small.png""},{""Id"":""ab995316-ac5b-4f93-3f22-08db008453bf"",""Name"":""Joshua Green"",""ImagePath"":""assets/user/portrait_small.png""},{""Id"":""6c52524a-a942-4393-3226-08db08708fc4"",""Name"":""Christina Jackson"",""ImagePath"":""assets/user/portrait_small.png""},{""Id"":""4de2fc93-0afa-4b7f-3227-08db08708fc4"",""Name"":""Nicholas Petrie"",""ImagePath"":""assets/user/portrait_small.png""},{""Id"":""65d8196f-526e-40b2-b8b7-08db15fcee0f"",""Name"":""Hudsen Christensen"",""ImagePath"":""assets/user/portrait_small.png""},{""Id"":""56405cb0-f063-4086-1407-08db1e5a891c"",""Name"":""Aaron Saisongkham"",""ImagePath"":""assets/user/portrait_small.png""},{""Id"":""aeac3bf4-3962-4bc0-a860-08db200229fa"",""Name"":""Jasmin Smith"",""ImagePath"":""assets/user/portrait_small.png""}]","C55CE1CD-72B5-4186-15F8-08D7926CEEE1","2","57C9E1AD-E9E1-4C03-EB30-08DAF28E3236","Catalyst","2023-01-27 16:36:39.453210","2023-01-27 16:46:39.548522","","0.0","18E42DBE-F9AF-4C90-9F35-DCCDCAD82B51","{""Id"":""18e42dbe-f9af-4c90-9f35-dccdcad82b51"",""Name"":""Active"",""Caption"":""Active""}","3","DA6AC379-A8D7-4507-8182-08DAFF1D643C","DA6AC379-A8D7-4507-8182-08DAFF1D643C","","","da6ac379-a8d7-4507-8182-08daff1d643c,ab995316-ac5b-4f93-3f22-08db008453bf","[{""Id"":""da6ac379-a8d7-4507-8182-08daff1d643c"",""Name"":""Amber Houk"",""ImagePath"":null},{""Id"":""ab995316-ac5b-4f93-3f22-08db008453bf"",""Name"":""Joshua Green"",""ImagePath"":null}]","AB995316-AC5B-4F93-3F22-08DB008453BF"
"1782ABDF-B8F8-431B-8859-08DB0083F296","New Ascent Inc","844 Notting Hill Lane","badmin@newascent.space","badmin@newascent.space","Arnold","MD","21012","True","ab995316-ac5b-4f93-3f22-08db008453bf,d8f554e2-614b-440a-3f26-08db008453bf","[{""Id"":""ab995316-ac5b-4f93-3f22-08db008453bf"",""Name"":""Joshua Green"",""ImagePath"":""assets/user/portrait_small.png""},{""Id"":""d8f554e2-614b-440a-3f26-08db008453bf"",""Name"":""Rob Quigley"",""ImagePath"":""assets/user/portrait_small.png""}]","487f4a47-9ccf-42bb-d85b-08daf8a9d2b6,c6992e31-6ee2-482c-d85d-08daf8a9d2b6,a753707c-58ab-43a4-d85e-08daf8a9d2b6,ab995316-ac5b-4f93-3f22-08db008453bf,6c52524a-a942-4393-3226-08db08708fc4,4de2fc93-0afa-4b7f-3227-08db08708fc4,65d8196f-526e-40b2-b8b7-08db15fcee0f,56405cb0-f063-4086-1407-08db1e5a891c,aeac3bf4-3962-4bc0-a860-08db200229fa","[{""Id"":""487f4a47-9ccf-42bb-d85b-08daf8a9d2b6"",""Name"":""Wyatt Hite"",""ImagePath"":""assets/user/portrait_small.png""},{""Id"":""c6992e31-6ee2-482c-d85d-08daf8a9d2b6"",""Name"":""Paul Olsen"",""ImagePath"":""assets/user/portrait_small.png""},{""Id"":""a753707c-58ab-43a4-d85e-08daf8a9d2b6"",""Name"":""Jeff Gibbs"",""ImagePath"":""assets/user/portrait_small.png""},{""Id"":""ab995316-ac5b-4f93-3f22-08db008453bf"",""Name"":""Joshua Green"",""ImagePath"":""assets/user/portrait_small.png""},{""Id"":""6c52524a-a942-4393-3226-08db08708fc4"",""Name"":""Christina Jackson"",""ImagePath"":""assets/user/portrait_small.png""},{""Id"":""4de2fc93-0afa-4b7f-3227-08db08708fc4"",""Name"":""Nicholas Petrie"",""ImagePath"":""assets/user/portrait_small.png""},{""Id"":""65d8196f-526e-40b2-b8b7-08db15fcee0f"",""Name"":""Hudsen Christensen"",""ImagePath"":""assets/user/portrait_small.png""},{""Id"":""56405cb0-f063-4086-1407-08db1e5a891c"",""Name"":""Aaron Saisongkham"",""ImagePath"":""assets/user/portrait_small.png""},{""Id"":""aeac3bf4-3962-4bc0-a860-08db200229fa"",""Name"":""Jasmin Smith"",""ImagePath"":""assets/user/portrait_small.png""}]","C55CE1CD-72B5-4186-15F8-08D7926CEEE1","3","57C9E1AD-E9E1-4C03-EB30-08DAF28E3236","Catalyst","2023-01-27 16:39:14.330207","2023-01-27 16:46:46.965126","","0.0","18E42DBE-F9AF-4C90-9F35-DCCDCAD82B51","{""Id"":""18e42dbe-f9af-4c90-9f35-dccdcad82b51"",""Name"":""Active"",""Caption"":""Active""}","4","DA6AC379-A8D7-4507-8182-08DAFF1D643C","DA6AC379-A8D7-4507-8182-08DAFF1D643C","","","da6ac379-a8d7-4507-8182-08daff1d643c,ab995316-ac5b-4f93-3f22-08db008453bf","[{""Id"":""da6ac379-a8d7-4507-8182-08daff1d643c"",""Name"":""Amber Houk"",""ImagePath"":null},{""Id"":""ab995316-ac5b-4f93-3f22-08db008453bf"",""Name"":""Joshua Green"",""ImagePath"":""assets/user/portrait_small.png""}]","AB995316-AC5B-4F93-3F22-08DB008453BF"
"136D4EB2-6784-46CA-885B-08DB0083F296","OFS Interiors","453 S Holladay Blvd","Jonas@ofsinteriors.com","Jonas@ofsinteriors.com","Holladay","UT","84117","True","ab995316-ac5b-4f93-3f22-08db008453bf,cd7dd6e6-10b1-44f4-3f24-08db008453bf","[{""Id"":""ab995316-ac5b-4f93-3f22-08db008453bf"",""Name"":""Joshua Green"",""ImagePath"":""assets/user/portrait_small.png""},{""Id"":""cd7dd6e6-10b1-44f4-3f24-08db008453bf"",""Name"":""Jonas Persch"",""ImagePath"":""assets/user/portrait_small.png""}]","487f4a47-9ccf-42bb-d85b-08daf8a9d2b6,c6992e31-6ee2-482c-d85d-08daf8a9d2b6,a753707c-58ab-43a4-d85e-08daf8a9d2b6,ab995316-ac5b-4f93-3f22-08db008453bf,6c52524a-a942-4393-3226-08db08708fc4,4de2fc93-0afa-4b7f-3227-08db08708fc4,65d8196f-526e-40b2-b8b7-08db15fcee0f,56405cb0-f063-4086-1407-08db1e5a891c,aeac3bf4-3962-4bc0-a860-08db200229fa","[{""Id"":""487f4a47-9ccf-42bb-d85b-08daf8a9d2b6"",""Name"":""Wyatt Hite"",""ImagePath"":""assets/user/portrait_small.png""},{""Id"":""c6992e31-6ee2-482c-d85d-08daf8a9d2b6"",""Name"":""Paul Olsen"",""ImagePath"":""assets/user/portrait_small.png""},{""Id"":""a753707c-58ab-43a4-d85e-08daf8a9d2b6"",""Name"":""Jeff Gibbs"",""ImagePath"":""assets/user/portrait_small.png""},{""Id"":""ab995316-ac5b-4f93-3f22-08db008453bf"",""Name"":""Joshua Green"",""ImagePath"":""assets/user/portrait_small.png""},{""Id"":""6c52524a-a942-4393-3226-08db08708fc4"",""Name"":""Christina Jackson"",""ImagePath"":""assets/user/portrait_small.png""},{""Id"":""4de2fc93-0afa-4b7f-3227-08db08708fc4"",""Name"":""Nicholas Petrie"",""ImagePath"":""assets/user/portrait_small.png""},{""Id"":""65d8196f-526e-40b2-b8b7-08db15fcee0f"",""Name"":""Hudsen Christensen"",""ImagePath"":""assets/user/portrait_small.png""},{""Id"":""56405cb0-f063-4086-1407-08db1e5a891c"",""Name"":""Aaron Saisongkham"",""ImagePath"":""assets/user/portrait_small.png""},{""Id"":""aeac3bf4-3962-4bc0-a860-08db200229fa"",""Name"":""Jasmin Smith"",""ImagePath"":""assets/user/portrait_small.png""}]","C55CE1CD-72B5-4186-15F8-08D7926CEEE1","3","57C9E1AD-E9E1-4C03-EB30-08DAF28E3236","Catalyst","2023-01-27 16:45:05.299726","2023-01-27 16:47:58.977335","","0.0","18E42DBE-F9AF-4C90-9F35-DCCDCAD82B51","{""Id"":""18e42dbe-f9af-4c90-9f35-dccdcad82b51"",""Name"":""Active"",""Caption"":""Active""}","4","DA6AC379-A8D7-4507-8182-08DAFF1D643C","DA6AC379-A8D7-4507-8182-08DAFF1D643C","","","da6ac379-a8d7-4507-8182-08daff1d643c,ab995316-ac5b-4f93-3f22-08db008453bf","[{""Id"":""da6ac379-a8d7-4507-8182-08daff1d643c"",""Name"":""Amber Houk"",""ImagePath"":null},{""Id"":""ab995316-ac5b-4f93-3f22-08db008453bf"",""Name"":""Joshua Green"",""ImagePath"":null}]","AB995316-AC5B-4F93-3F22-08DB008453BF"
"BE289861-3718-4AC7-885C-08DB0083F296","Scalability - Catalyst","210 N 2100 W","ACCOUNTING@NOWCFO.COM, chris.arambula@nowcfo.com, mwest@getscalability.com","ACCOUNTING@NOWCFO.COM","SLC","UT","84116","True","ab995316-ac5b-4f93-3f22-08db008453bf","[{""Id"":""ab995316-ac5b-4f93-3f22-08db008453bf"",""Name"":""Joshua Green"",""ImagePath"":""assets/user/portrait_small.png""}]","487f4a47-9ccf-42bb-d85b-08daf8a9d2b6,c6992e31-6ee2-482c-d85d-08daf8a9d2b6,a753707c-58ab-43a4-d85e-08daf8a9d2b6,ab995316-ac5b-4f93-3f22-08db008453bf,6c52524a-a942-4393-3226-08db08708fc4,4de2fc93-0afa-4b7f-3227-08db08708fc4,65d8196f-526e-40b2-b8b7-08db15fcee0f,56405cb0-f063-4086-1407-08db1e5a891c,aeac3bf4-3962-4bc0-a860-08db200229fa","[{""Id"":""487f4a47-9ccf-42bb-d85b-08daf8a9d2b6"",""Name"":""Wyatt Hite"",""ImagePath"":""assets/user/portrait_small.png""},{""Id"":""c6992e31-6ee2-482c-d85d-08daf8a9d2b6"",""Name"":""Paul Olsen"",""ImagePath"":""assets/user/portrait_small.png""},{""Id"":""a753707c-58ab-43a4-d85e-08daf8a9d2b6"",""Name"":""Jeff Gibbs"",""ImagePath"":""assets/user/portrait_small.png""},{""Id"":""ab995316-ac5b-4f93-3f22-08db008453bf"",""Name"":""Joshua Green"",""ImagePath"":""assets/user/portrait_small.png""},{""Id"":""6c52524a-a942-4393-3226-08db08708fc4"",""Name"":""Christina Jackson"",""ImagePath"":""assets/user/portrait_small.png""},{""Id"":""4de2fc93-0afa-4b7f-3227-08db08708fc4"",""Name"":""Nicholas Petrie"",""ImagePath"":""assets/user/portrait_small.png""},{""Id"":""65d8196f-526e-40b2-b8b7-08db15fcee0f"",""Name"":""Hudsen Christensen"",""ImagePath"":""assets/user/portrait_small.png""},{""Id"":""56405cb0-f063-4086-1407-08db1e5a891c"",""Name"":""Aaron Saisongkham"",""ImagePath"":""assets/user/portrait_small.png""},{""Id"":""aeac3bf4-3962-4bc0-a860-08db200229fa"",""Name"":""Jasmin Smith"",""ImagePath"":""assets/user/portrait_small.png""}]","C55CE1CD-72B5-4186-15F8-08D7926CEEE1","1","57C9E1AD-E9E1-4C03-EB30-08DAF28E3236","Catalyst","2023-01-27 16:53:49.604843","","","0.0","18E42DBE-F9AF-4C90-9F35-DCCDCAD82B51","{""Id"":""18e42dbe-f9af-4c90-9f35-dccdcad82b51"",""Name"":""Active"",""Caption"":""Active""}","2","DA6AC379-A8D7-4507-8182-08DAFF1D643C","","","","da6ac379-a8d7-4507-8182-08daff1d643c","[{""Id"":""da6ac379-a8d7-4507-8182-08daff1d643c"",""Name"":""Amber Houk"",""ImagePath"":null}]","AB995316-AC5B-4F93-3F22-08DB008453BF"
"6EDB720D-DF9C-4F43-C7EE-08DB02ECB4A0","SB Yab Co LLC","7563 S FIELDSTONE LANE","Brandon@slc-psych.com","Brandon@slc-psych.com","Salt Lake City","UT","84121","True","966da69a-d788-4917-f8dc-08db02e87d95,ab995316-ac5b-4f93-3f22-08db008453bf","[{""Id"":""966da69a-d788-4917-f8dc-08db02e87d95"",""Name"":""Brandon Yabko"",""ImagePath"":""assets/user/portrait_small.png""},{""Id"":""ab995316-ac5b-4f93-3f22-08db008453bf"",""Name"":""Joshua Green"",""ImagePath"":""assets/user/portrait_small.png""}]","487f4a47-9ccf-42bb-d85b-08daf8a9d2b6,c6992e31-6ee2-482c-d85d-08daf8a9d2b6,a753707c-58ab-43a4-d85e-08daf8a9d2b6,ab995316-ac5b-4f93-3f22-08db008453bf,6c52524a-a942-4393-3226-08db08708fc4,4de2fc93-0afa-4b7f-3227-08db08708fc4,65d8196f-526e-40b2-b8b7-08db15fcee0f,56405cb0-f063-4086-1407-08db1e5a891c,aeac3bf4-3962-4bc0-a860-08db200229fa","[{""Id"":""487f4a47-9ccf-42bb-d85b-08daf8a9d2b6"",""Name"":""Wyatt Hite"",""ImagePath"":""assets/user/portrait_small.png""},{""Id"":""c6992e31-6ee2-482c-d85d-08daf8a9d2b6"",""Name"":""Paul Olsen"",""ImagePath"":""assets/user/portrait_small.png""},{""Id"":""a753707c-58ab-43a4-d85e-08daf8a9d2b6"",""Name"":""Jeff Gibbs"",""ImagePath"":""assets/user/portrait_small.png""},{""Id"":""ab995316-ac5b-4f93-3f22-08db008453bf"",""Name"":""Joshua Green"",""ImagePath"":""assets/user/portrait_small.png""},{""Id"":""6c52524a-a942-4393-3226-08db08708fc4"",""Name"":""Christina Jackson"",""ImagePath"":""assets/user/portrait_small.png""},{""Id"":""4de2fc93-0afa-4b7f-3227-08db08708fc4"",""Name"":""Nicholas Petrie"",""ImagePath"":""assets/user/portrait_small.png""},{""Id"":""65d8196f-526e-40b2-b8b7-08db15fcee0f"",""Name"":""Hudsen Christensen"",""ImagePath"":""assets/user/portrait_small.png""},{""Id"":""56405cb0-f063-4086-1407-08db1e5a891c"",""Name"":""Aaron Saisongkham"",""ImagePath"":""assets/user/portrait_small.png""},{""Id"":""aeac3bf4-3962-4bc0-a860-08db200229fa"",""Name"":""Jasmin Smith"",""ImagePath"":""assets/user/portrait_small.png""}]","C55CE1CD-72B5-4186-15F8-08D7926CEEE1","4","57C9E1AD-E9E1-4C03-EB30-08DAF28E3236","Catalyst","2023-01-30 22:51:30.738085","","","0.0","18E42DBE-F9AF-4C90-9F35-DCCDCAD82B51","{""Id"":""18e42dbe-f9af-4c90-9f35-dccdcad82b51"",""Name"":""Active"",""Caption"":""Active""}","4","E04BD2D2-1A48-4EFE-8184-08DAFF1D643C","","","","e04bd2d2-1a48-4efe-8184-08daff1d643c,ab995316-ac5b-4f93-3f22-08db008453bf","[{""Id"":""e04bd2d2-1a48-4efe-8184-08daff1d643c"",""Name"":""Anthony Garcia"",""ImagePath"":null},{""Id"":""ab995316-ac5b-4f93-3f22-08db008453bf"",""Name"":""Joshua Green"",""ImagePath"":null}]","AB995316-AC5B-4F93-3F22-08DB008453BF"
"278BBB65-C01B-4D3F-2230-08DB03179FA0","GRACE NPC","4026 Wards Rd., Unit G1 #198","pete@netgrace.org","pete@netgrace.org","Lynchburg","VA","24502","True","ab995316-ac5b-4f93-3f22-08db008453bf,05df60b1-4bb8-4fe0-f813-08db0317d6bb","[{""Id"":""ab995316-ac5b-4f93-3f22-08db008453bf"",""Name"":""Joshua Green"",""ImagePath"":""assets/user/portrait_small.png""},{""Id"":""05df60b1-4bb8-4fe0-f813-08db0317d6bb"",""Name"":""Pete Singer"",""ImagePath"":""assets/user/portrait_small.png""}]","487f4a47-9ccf-42bb-d85b-08daf8a9d2b6,c6992e31-6ee2-482c-d85d-08daf8a9d2b6,a753707c-58ab-43a4-d85e-08daf8a9d2b6,ab995316-ac5b-4f93-3f22-08db008453bf,6c52524a-a942-4393-3226-08db08708fc4,4de2fc93-0afa-4b7f-3227-08db08708fc4,65d8196f-526e-40b2-b8b7-08db15fcee0f,56405cb0-f063-4086-1407-08db1e5a891c,aeac3bf4-3962-4bc0-a860-08db200229fa","[{""Id"":""487f4a47-9ccf-42bb-d85b-08daf8a9d2b6"",""Name"":""Wyatt Hite"",""ImagePath"":""assets/user/portrait_small.png""},{""Id"":""c6992e31-6ee2-482c-d85d-08daf8a9d2b6"",""Name"":""Paul Olsen"",""ImagePath"":""assets/user/portrait_small.png""},{""Id"":""a753707c-58ab-43a4-d85e-08daf8a9d2b6"",""Name"":""Jeff Gibbs"",""ImagePath"":""assets/user/portrait_small.png""},{""Id"":""ab995316-ac5b-4f93-3f22-08db008453bf"",""Name"":""Joshua Green"",""ImagePath"":""assets/user/portrait_small.png""},{""Id"":""6c52524a-a942-4393-3226-08db08708fc4"",""Name"":""Christina Jackson"",""ImagePath"":""assets/user/portrait_small.png""},{""Id"":""4de2fc93-0afa-4b7f-3227-08db08708fc4"",""Name"":""Nicholas Petrie"",""ImagePath"":""assets/user/portrait_small.png""},{""Id"":""65d8196f-526e-40b2-b8b7-08db15fcee0f"",""Name"":""Hudsen Christensen"",""ImagePath"":""assets/user/portrait_small.png""},{""Id"":""56405cb0-f063-4086-1407-08db1e5a891c"",""Name"":""Aaron Saisongkham"",""ImagePath"":""assets/user/portrait_small.png""},{""Id"":""aeac3bf4-3962-4bc0-a860-08db200229fa"",""Name"":""Jasmin Smith"",""ImagePath"":""assets/user/portrait_small.png""}]","C55CE1CD-72B5-4186-15F8-08D7926CEEE1","2","57C9E1AD-E9E1-4C03-EB30-08DAF28E3236","Catalyst","2023-01-30 23:13:40.011763","","","0.0","18E42DBE-F9AF-4C90-9F35-DCCDCAD82B51","{""Id"":""18e42dbe-f9af-4c90-9f35-dccdcad82b51"",""Name"":""Active"",""Caption"":""Active""}","4","E04BD2D2-1A48-4EFE-8184-08DAFF1D643C","","","","e04bd2d2-1a48-4efe-8184-08daff1d643c,ab995316-ac5b-4f93-3f22-08db008453bf","[{""Id"":""e04bd2d2-1a48-4efe-8184-08daff1d643c"",""Name"":""Anthony Garcia"",""ImagePath"":null},{""Id"":""ab995316-ac5b-4f93-3f22-08db008453bf"",""Name"":""Joshua Green"",""ImagePath"":null}]","AB995316-AC5B-4F93-3F22-08DB008453BF"
"848083F0-7994-4FB5-2231-08DB03179FA0","Lloyd Jennings","1785 E Blaine Ave","lloyd61984@yahoo.com","lloyd61984@yahoo.com","Salt Lake City","UT","84108","True","ab995316-ac5b-4f93-3f22-08db008453bf,892af1f8-a51a-4aef-f814-08db0317d6bb","[{""Id"":""ab995316-ac5b-4f93-3f22-08db008453bf"",""Name"":""Joshua Green"",""ImagePath"":""assets/user/portrait_small.png""},{""Id"":""892af1f8-a51a-4aef-f814-08db0317d6bb"",""Name"":""Lloyd Jennings "",""ImagePath"":""assets/user/portrait_small.png""}]","487f4a47-9ccf-42bb-d85b-08daf8a9d2b6,c6992e31-6ee2-482c-d85d-08daf8a9d2b6,a753707c-58ab-43a4-d85e-08daf8a9d2b6,ab995316-ac5b-4f93-3f22-08db008453bf,6c52524a-a942-4393-3226-08db08708fc4,4de2fc93-0afa-4b7f-3227-08db08708fc4,65d8196f-526e-40b2-b8b7-08db15fcee0f,56405cb0-f063-4086-1407-08db1e5a891c,aeac3bf4-3962-4bc0-a860-08db200229fa","[{""Id"":""487f4a47-9ccf-42bb-d85b-08daf8a9d2b6"",""Name"":""Wyatt Hite"",""ImagePath"":""assets/user/portrait_small.png""},{""Id"":""c6992e31-6ee2-482c-d85d-08daf8a9d2b6"",""Name"":""Paul Olsen"",""ImagePath"":""assets/user/portrait_small.png""},{""Id"":""a753707c-58ab-43a4-d85e-08daf8a9d2b6"",""Name"":""Jeff Gibbs"",""ImagePath"":""assets/user/portrait_small.png""},{""Id"":""ab995316-ac5b-4f93-3f22-08db008453bf"",""Name"":""Joshua Green"",""ImagePath"":""assets/user/portrait_small.png""},{""Id"":""6c52524a-a942-4393-3226-08db08708fc4"",""Name"":""Christina Jackson"",""ImagePath"":""assets/user/portrait_small.png""},{""Id"":""4de2fc93-0afa-4b7f-3227-08db08708fc4"",""Name"":""Nicholas Petrie"",""ImagePath"":""assets/user/portrait_small.png""},{""Id"":""65d8196f-526e-40b2-b8b7-08db15fcee0f"",""Name"":""Hudsen Christensen"",""ImagePath"":""assets/user/portrait_small.png""},{""Id"":""56405cb0-f063-4086-1407-08db1e5a891c"",""Name"":""Aaron Saisongkham"",""ImagePath"":""assets/user/portrait_small.png""},{""Id"":""aeac3bf4-3962-4bc0-a860-08db200229fa"",""Name"":""Jasmin Smith"",""ImagePath"":""assets/user/portrait_small.png""}]","C55CE1CD-72B5-4186-15F8-08D7926CEEE1","2","57C9E1AD-E9E1-4C03-EB30-08DAF28E3236","Catalyst","2023-01-30 23:45:47.892631","","","0.0","18E42DBE-F9AF-4C90-9F35-DCCDCAD82B51","{""Id"":""18e42dbe-f9af-4c90-9f35-dccdcad82b51"",""Name"":""Active"",""Caption"":""Active""}","4","E04BD2D2-1A48-4EFE-8184-08DAFF1D643C","","","","e04bd2d2-1a48-4efe-8184-08daff1d643c,ab995316-ac5b-4f93-3f22-08db008453bf","[{""Id"":""e04bd2d2-1a48-4efe-8184-08daff1d643c"",""Name"":""Anthony Garcia"",""ImagePath"":null},{""Id"":""ab995316-ac5b-4f93-3f22-08db008453bf"",""Name"":""Joshua Green"",""ImagePath"":null}]","AB995316-AC5B-4F93-3F22-08DB008453BF"
"181B08D6-2644-4C84-154A-08DB0AD08D3C","CCI Network Services","155 N 400 W, Suite 100","brianp@ccicom.com","brianp@ccicom.com","Salt Lake City","UT","84103","True","ab995316-ac5b-4f93-3f22-08db008453bf,beda557a-3e2b-4828-ad17-08db0ad36871","[{""Id"":""ab995316-ac5b-4f93-3f22-08db008453bf"",""Name"":""Joshua Green"",""ImagePath"":""assets/user/portrait_small.png""},{""Id"":""beda557a-3e2b-4828-ad17-08db0ad36871"",""Name"":""Jeff Parson"",""ImagePath"":""assets/user/portrait_small.png""}]","487f4a47-9ccf-42bb-d85b-08daf8a9d2b6,c6992e31-6ee2-482c-d85d-08daf8a9d2b6,a753707c-58ab-43a4-d85e-08daf8a9d2b6,ab995316-ac5b-4f93-3f22-08db008453bf,6c52524a-a942-4393-3226-08db08708fc4,4de2fc93-0afa-4b7f-3227-08db08708fc4,65d8196f-526e-40b2-b8b7-08db15fcee0f,56405cb0-f063-4086-1407-08db1e5a891c,aeac3bf4-3962-4bc0-a860-08db200229fa","[{""Id"":""487f4a47-9ccf-42bb-d85b-08daf8a9d2b6"",""Name"":""Wyatt Hite"",""ImagePath"":""assets/user/portrait_small.png""},{""Id"":""c6992e31-6ee2-482c-d85d-08daf8a9d2b6"",""Name"":""Paul Olsen"",""ImagePath"":""assets/user/portrait_small.png""},{""Id"":""a753707c-58ab-43a4-d85e-08daf8a9d2b6"",""Name"":""Jeff Gibbs"",""ImagePath"":""assets/user/portrait_small.png""},{""Id"":""ab995316-ac5b-4f93-3f22-08db008453bf"",""Name"":""Joshua Green"",""ImagePath"":""assets/user/portrait_small.png""},{""Id"":""6c52524a-a942-4393-3226-08db08708fc4"",""Name"":""Christina Jackson"",""ImagePath"":""assets/user/portrait_small.png""},{""Id"":""4de2fc93-0afa-4b7f-3227-08db08708fc4"",""Name"":""Nicholas Petrie"",""ImagePath"":""assets/user/portrait_small.png""},{""Id"":""65d8196f-526e-40b2-b8b7-08db15fcee0f"",""Name"":""Hudsen Christensen"",""ImagePath"":""assets/user/portrait_small.png""},{""Id"":""56405cb0-f063-4086-1407-08db1e5a891c"",""Name"":""Aaron Saisongkham"",""ImagePath"":""assets/user/portrait_small.png""},{""Id"":""aeac3bf4-3962-4bc0-a860-08db200229fa"",""Name"":""Jasmin Smith"",""ImagePath"":""assets/user/portrait_small.png""}]","C55CE1CD-72B5-4186-15F8-08D7926CEEE1","3","57C9E1AD-E9E1-4C03-EB30-08DAF28E3236","Catalyst","2023-02-09 22:31:08.808580","","","0.0","18E42DBE-F9AF-4C90-9F35-DCCDCAD82B51","{""Id"":""18e42dbe-f9af-4c90-9f35-dccdcad82b51"",""Name"":""Active"",""Caption"":""Active""}","4","E04BD2D2-1A48-4EFE-8184-08DAFF1D643C","","","","e04bd2d2-1a48-4efe-8184-08daff1d643c,ab995316-ac5b-4f93-3f22-08db008453bf","[{""Id"":""e04bd2d2-1a48-4efe-8184-08daff1d643c"",""Name"":""Anthony Garcia"",""ImagePath"":null},{""Id"":""ab995316-ac5b-4f93-3f22-08db008453bf"",""Name"":""Joshua Green"",""ImagePath"":""assets/user/portrait_small.png""}]","AB995316-AC5B-4F93-3F22-08DB008453BF"
"441F1402-923F-44BC-8A21-08DB1065AA67","Teriyaki Grill Lehi LLC - Catalyst","1840 E. 11400 S","Priekeim78@gmail.com","Priekeim78@gmail.com","Sandy","UT","84092","True","ab995316-ac5b-4f93-3f22-08db008453bf,1f95112d-7161-4262-9790-08db1065cea5","[{""Id"":""ab995316-ac5b-4f93-3f22-08db008453bf"",""Name"":""Joshua Green"",""ImagePath"":""assets/user/portrait_small.png""},{""Id"":""1f95112d-7161-4262-9790-08db1065cea5"",""Name"":""Mike  Keim"",""ImagePath"":""assets/user/portrait_small.png""}]","487f4a47-9ccf-42bb-d85b-08daf8a9d2b6,c6992e31-6ee2-482c-d85d-08daf8a9d2b6,a753707c-58ab-43a4-d85e-08daf8a9d2b6,ab995316-ac5b-4f93-3f22-08db008453bf,6c52524a-a942-4393-3226-08db08708fc4,4de2fc93-0afa-4b7f-3227-08db08708fc4,65d8196f-526e-40b2-b8b7-08db15fcee0f,56405cb0-f063-4086-1407-08db1e5a891c,aeac3bf4-3962-4bc0-a860-08db200229fa","[{""Id"":""487f4a47-9ccf-42bb-d85b-08daf8a9d2b6"",""Name"":""Wyatt Hite"",""ImagePath"":""assets/user/portrait_small.png""},{""Id"":""c6992e31-6ee2-482c-d85d-08daf8a9d2b6"",""Name"":""Paul Olsen"",""ImagePath"":""assets/user/portrait_small.png""},{""Id"":""a753707c-58ab-43a4-d85e-08daf8a9d2b6"",""Name"":""Jeff Gibbs"",""ImagePath"":""assets/user/portrait_small.png""},{""Id"":""ab995316-ac5b-4f93-3f22-08db008453bf"",""Name"":""Joshua Green"",""ImagePath"":""assets/user/portrait_small.png""},{""Id"":""6c52524a-a942-4393-3226-08db08708fc4"",""Name"":""Christina Jackson"",""ImagePath"":""assets/user/portrait_small.png""},{""Id"":""4de2fc93-0afa-4b7f-3227-08db08708fc4"",""Name"":""Nicholas Petrie"",""ImagePath"":""assets/user/portrait_small.png""},{""Id"":""65d8196f-526e-40b2-b8b7-08db15fcee0f"",""Name"":""Hudsen Christensen"",""ImagePath"":""assets/user/portrait_small.png""},{""Id"":""56405cb0-f063-4086-1407-08db1e5a891c"",""Name"":""Aaron Saisongkham"",""ImagePath"":""assets/user/portrait_small.png""},{""Id"":""aeac3bf4-3962-4bc0-a860-08db200229fa"",""Name"":""Jasmin Smith"",""ImagePath"":""assets/user/portrait_small.png""}]","C55CE1CD-72B5-4186-15F8-08D7926CEEE1","2","57C9E1AD-E9E1-4C03-EB30-08DAF28E3236","Catalyst","2023-02-16 21:35:03.959516","2023-02-27 18:52:46.288576","","0.0","18E42DBE-F9AF-4C90-9F35-DCCDCAD82B51","{""Id"":""18e42dbe-f9af-4c90-9f35-dccdcad82b51"",""Name"":""Active"",""Caption"":""Active""}","4","C73CFED1-5618-45BA-8186-08DAFF1D643C","E04BD2D2-1A48-4EFE-8184-08DAFF1D643C","","","c73cfed1-5618-45ba-8186-08daff1d643c,ab995316-ac5b-4f93-3f22-08db008453bf","[{""Id"":""c73cfed1-5618-45ba-8186-08daff1d643c"",""Name"":""Regan Daich"",""ImagePath"":null},{""Id"":""ab995316-ac5b-4f93-3f22-08db008453bf"",""Name"":""Joshua Green"",""ImagePath"":""assets/user/portrait_small.png""}]","AB995316-AC5B-4F93-3F22-08DB008453BF"
"0FC18F7D-C662-4813-8A23-08DB1065AA67","Struck Inc","257 East 200 South, Suite 150","finance@struck.com","finance@struck.com","Salt Lake City","Utah","84111","True","ab995316-ac5b-4f93-3f22-08db008453bf,84c0e27d-fadc-450a-9793-08db1065cea5","[{""Id"":""ab995316-ac5b-4f93-3f22-08db008453bf"",""Name"":""Joshua Green"",""ImagePath"":""assets/user/portrait_small.png""},{""Id"":""84c0e27d-fadc-450a-9793-08db1065cea5"",""Name"":""Pauline Ploquin"",""ImagePath"":""assets/user/portrait_small.png""}]","487f4a47-9ccf-42bb-d85b-08daf8a9d2b6,c6992e31-6ee2-482c-d85d-08daf8a9d2b6,a753707c-58ab-43a4-d85e-08daf8a9d2b6,ab995316-ac5b-4f93-3f22-08db008453bf,6c52524a-a942-4393-3226-08db08708fc4,4de2fc93-0afa-4b7f-3227-08db08708fc4,65d8196f-526e-40b2-b8b7-08db15fcee0f,56405cb0-f063-4086-1407-08db1e5a891c,aeac3bf4-3962-4bc0-a860-08db200229fa","[{""Id"":""487f4a47-9ccf-42bb-d85b-08daf8a9d2b6"",""Name"":""Wyatt Hite"",""ImagePath"":""assets/user/portrait_small.png""},{""Id"":""c6992e31-6ee2-482c-d85d-08daf8a9d2b6"",""Name"":""Paul Olsen"",""ImagePath"":""assets/user/portrait_small.png""},{""Id"":""a753707c-58ab-43a4-d85e-08daf8a9d2b6"",""Name"":""Jeff Gibbs"",""ImagePath"":""assets/user/portrait_small.png""},{""Id"":""ab995316-ac5b-4f93-3f22-08db008453bf"",""Name"":""Joshua Green"",""ImagePath"":""assets/user/portrait_small.png""},{""Id"":""6c52524a-a942-4393-3226-08db08708fc4"",""Name"":""Christina Jackson"",""ImagePath"":""assets/user/portrait_small.png""},{""Id"":""4de2fc93-0afa-4b7f-3227-08db08708fc4"",""Name"":""Nicholas Petrie"",""ImagePath"":""assets/user/portrait_small.png""},{""Id"":""65d8196f-526e-40b2-b8b7-08db15fcee0f"",""Name"":""Hudsen Christensen"",""ImagePath"":""assets/user/portrait_small.png""},{""Id"":""56405cb0-f063-4086-1407-08db1e5a891c"",""Name"":""Aaron Saisongkham"",""ImagePath"":""assets/user/portrait_small.png""},{""Id"":""aeac3bf4-3962-4bc0-a860-08db200229fa"",""Name"":""Jasmin Smith"",""ImagePath"":""assets/user/portrait_small.png""}]","C55CE1CD-72B5-4186-15F8-08D7926CEEE1","13","57C9E1AD-E9E1-4C03-EB30-08DAF28E3236","Catalyst","2023-02-16 22:21:32.628331","","","0.0","18E42DBE-F9AF-4C90-9F35-DCCDCAD82B51","{""Id"":""18e42dbe-f9af-4c90-9f35-dccdcad82b51"",""Name"":""Active"",""Caption"":""Active""}","4","E04BD2D2-1A48-4EFE-8184-08DAFF1D643C","","","","e04bd2d2-1a48-4efe-8184-08daff1d643c,ab995316-ac5b-4f93-3f22-08db008453bf","[{""Id"":""e04bd2d2-1a48-4efe-8184-08daff1d643c"",""Name"":""Anthony Garcia"",""ImagePath"":null},{""Id"":""ab995316-ac5b-4f93-3f22-08db008453bf"",""Name"":""Joshua Green"",""ImagePath"":""assets/user/portrait_small.png""}]","AB995316-AC5B-4F93-3F22-08DB008453BF"
"E0132BE0-C3A0-4DFE-428D-08DB1131CC9A","Onrecord Title ​","2890 E Cottonwood Pkwy Suite 450","spencer@onrecordtitle.com","spencer@onrecordtitle.com","Cottonwood Heights","UT","84121","True","ab995316-ac5b-4f93-3f22-08db008453bf,9807812d-caa4-4927-7a2c-08db1131fd87","[{""Id"":""ab995316-ac5b-4f93-3f22-08db008453bf"",""Name"":""Joshua Green"",""ImagePath"":""assets/user/portrait_small.png""},{""Id"":""9807812d-caa4-4927-7a2c-08db1131fd87"",""Name"":""Spencer Williams"",""ImagePath"":""assets/user/portrait_small.png""}]","487f4a47-9ccf-42bb-d85b-08daf8a9d2b6,c6992e31-6ee2-482c-d85d-08daf8a9d2b6,a753707c-58ab-43a4-d85e-08daf8a9d2b6,ab995316-ac5b-4f93-3f22-08db008453bf,6c52524a-a942-4393-3226-08db08708fc4,4de2fc93-0afa-4b7f-3227-08db08708fc4,65d8196f-526e-40b2-b8b7-08db15fcee0f,56405cb0-f063-4086-1407-08db1e5a891c,aeac3bf4-3962-4bc0-a860-08db200229fa","[{""Id"":""487f4a47-9ccf-42bb-d85b-08daf8a9d2b6"",""Name"":""Wyatt Hite"",""ImagePath"":""assets/user/portrait_small.png""},{""Id"":""c6992e31-6ee2-482c-d85d-08daf8a9d2b6"",""Name"":""Paul Olsen"",""ImagePath"":""assets/user/portrait_small.png""},{""Id"":""a753707c-58ab-43a4-d85e-08daf8a9d2b6"",""Name"":""Jeff Gibbs"",""ImagePath"":""assets/user/portrait_small.png""},{""Id"":""ab995316-ac5b-4f93-3f22-08db008453bf"",""Name"":""Joshua Green"",""ImagePath"":""assets/user/portrait_small.png""},{""Id"":""6c52524a-a942-4393-3226-08db08708fc4"",""Name"":""Christina Jackson"",""ImagePath"":""assets/user/portrait_small.png""},{""Id"":""4de2fc93-0afa-4b7f-3227-08db08708fc4"",""Name"":""Nicholas Petrie"",""ImagePath"":""assets/user/portrait_small.png""},{""Id"":""65d8196f-526e-40b2-b8b7-08db15fcee0f"",""Name"":""Hudsen Christensen"",""ImagePath"":""assets/user/portrait_small.png""},{""Id"":""56405cb0-f063-4086-1407-08db1e5a891c"",""Name"":""Aaron Saisongkham"",""ImagePath"":""assets/user/portrait_small.png""},{""Id"":""aeac3bf4-3962-4bc0-a860-08db200229fa"",""Name"":""Jasmin Smith"",""ImagePath"":""assets/user/portrait_small.png""}]","C55CE1CD-72B5-4186-15F8-08D7926CEEE1","7","57C9E1AD-E9E1-4C03-EB30-08DAF28E3236","Catalyst","2023-02-17 21:56:18.666068","","","0.0","18E42DBE-F9AF-4C90-9F35-DCCDCAD82B51","{""Id"":""18e42dbe-f9af-4c90-9f35-dccdcad82b51"",""Name"":""Active"",""Caption"":""Active""}","4","E04BD2D2-1A48-4EFE-8184-08DAFF1D643C","","","","e04bd2d2-1a48-4efe-8184-08daff1d643c,ab995316-ac5b-4f93-3f22-08db008453bf","[{""Id"":""e04bd2d2-1a48-4efe-8184-08daff1d643c"",""Name"":""Anthony Garcia"",""ImagePath"":null},{""Id"":""ab995316-ac5b-4f93-3f22-08db008453bf"",""Name"":""Joshua Green"",""ImagePath"":""assets/user/portrait_small.png""}]","AB995316-AC5B-4F93-3F22-08DB008453BF"
"F7B05C42-C22B-4C0D-8F55-08DB15BD253C","Robo Point Guard Inc","5703 Emerald Brook Lane","bill@robopg.com","bill@robopg.com","League City","TX","77573","True","ab995316-ac5b-4f93-3f22-08db008453bf,f9d4f925-e753-4e3d-7a9b-08db15c40344","[{""Id"":""ab995316-ac5b-4f93-3f22-08db008453bf"",""Name"":""Joshua Green"",""ImagePath"":""assets/user/portrait_small.png""},{""Id"":""f9d4f925-e753-4e3d-7a9b-08db15c40344"",""Name"":""Bill Krivak"",""ImagePath"":""assets/user/portrait_small.png""}]","487f4a47-9ccf-42bb-d85b-08daf8a9d2b6,c6992e31-6ee2-482c-d85d-08daf8a9d2b6,a753707c-58ab-43a4-d85e-08daf8a9d2b6,ab995316-ac5b-4f93-3f22-08db008453bf,6c52524a-a942-4393-3226-08db08708fc4,4de2fc93-0afa-4b7f-3227-08db08708fc4,65d8196f-526e-40b2-b8b7-08db15fcee0f,56405cb0-f063-4086-1407-08db1e5a891c,aeac3bf4-3962-4bc0-a860-08db200229fa","[{""Id"":""487f4a47-9ccf-42bb-d85b-08daf8a9d2b6"",""Name"":""Wyatt Hite"",""ImagePath"":""assets/user/portrait_small.png""},{""Id"":""c6992e31-6ee2-482c-d85d-08daf8a9d2b6"",""Name"":""Paul Olsen"",""ImagePath"":""assets/user/portrait_small.png""},{""Id"":""a753707c-58ab-43a4-d85e-08daf8a9d2b6"",""Name"":""Jeff Gibbs"",""ImagePath"":""assets/user/portrait_small.png""},{""Id"":""ab995316-ac5b-4f93-3f22-08db008453bf"",""Name"":""Joshua Green"",""ImagePath"":""assets/user/portrait_small.png""},{""Id"":""6c52524a-a942-4393-3226-08db08708fc4"",""Name"":""Christina Jackson"",""ImagePath"":""assets/user/portrait_small.png""},{""Id"":""4de2fc93-0afa-4b7f-3227-08db08708fc4"",""Name"":""Nicholas Petrie"",""ImagePath"":""assets/user/portrait_small.png""},{""Id"":""65d8196f-526e-40b2-b8b7-08db15fcee0f"",""Name"":""Hudsen Christensen"",""ImagePath"":""assets/user/portrait_small.png""},{""Id"":""56405cb0-f063-4086-1407-08db1e5a891c"",""Name"":""Aaron Saisongkham"",""ImagePath"":""assets/user/portrait_small.png""},{""Id"":""aeac3bf4-3962-4bc0-a860-08db200229fa"",""Name"":""Jasmin Smith"",""ImagePath"":""assets/user/portrait_small.png""}]","C55CE1CD-72B5-4186-15F8-08D7926CEEE1","8","57C9E1AD-E9E1-4C03-EB30-08DAF28E3236","Catalyst","2023-02-23 19:50:14.873788","2023-04-20 22:08:10.689833","","0.0","18E42DBE-F9AF-4C90-9F35-DCCDCAD82B51","{""Id"":""18e42dbe-f9af-4c90-9f35-dccdcad82b51"",""Name"":""Active"",""Caption"":""Active""}","4","E04BD2D2-1A48-4EFE-8184-08DAFF1D643C","E04BD2D2-1A48-4EFE-8184-08DAFF1D643C","","","e04bd2d2-1a48-4efe-8184-08daff1d643c,ab995316-ac5b-4f93-3f22-08db008453bf","[{""Id"":""e04bd2d2-1a48-4efe-8184-08daff1d643c"",""Name"":""Anthony Garcia"",""ImagePath"":null},{""Id"":""ab995316-ac5b-4f93-3f22-08db008453bf"",""Name"":""Joshua Green"",""ImagePath"":""assets/user/portrait_small.png""}]","AB995316-AC5B-4F93-3F22-08DB008453BF"
"10A07E8B-F46E-4C1D-8F57-08DB15BD253C","Josh Peak - Catalyst","949 NE Roselawn St","jdpeakplatinum@gmail.com","jdpeakplatinum@gmail.com","Portland","OR","97211","True","82a1432d-c6cc-46b2-7a9c-08db15c40344,ab995316-ac5b-4f93-3f22-08db008453bf","[{""Id"":""82a1432d-c6cc-46b2-7a9c-08db15c40344"",""Name"":""Josh Peak"",""ImagePath"":""assets/user/portrait_small.png""},{""Id"":""ab995316-ac5b-4f93-3f22-08db008453bf"",""Name"":""Joshua Green"",""ImagePath"":""assets/user/portrait_small.png""}]","487f4a47-9ccf-42bb-d85b-08daf8a9d2b6,c6992e31-6ee2-482c-d85d-08daf8a9d2b6,a753707c-58ab-43a4-d85e-08daf8a9d2b6,ab995316-ac5b-4f93-3f22-08db008453bf,6c52524a-a942-4393-3226-08db08708fc4,4de2fc93-0afa-4b7f-3227-08db08708fc4,65d8196f-526e-40b2-b8b7-08db15fcee0f,56405cb0-f063-4086-1407-08db1e5a891c,aeac3bf4-3962-4bc0-a860-08db200229fa","[{""Id"":""487f4a47-9ccf-42bb-d85b-08daf8a9d2b6"",""Name"":""Wyatt Hite"",""ImagePath"":""assets/user/portrait_small.png""},{""Id"":""c6992e31-6ee2-482c-d85d-08daf8a9d2b6"",""Name"":""Paul Olsen"",""ImagePath"":""assets/user/portrait_small.png""},{""Id"":""a753707c-58ab-43a4-d85e-08daf8a9d2b6"",""Name"":""Jeff Gibbs"",""ImagePath"":""assets/user/portrait_small.png""},{""Id"":""ab995316-ac5b-4f93-3f22-08db008453bf"",""Name"":""Joshua Green"",""ImagePath"":""assets/user/portrait_small.png""},{""Id"":""6c52524a-a942-4393-3226-08db08708fc4"",""Name"":""Christina Jackson"",""ImagePath"":""assets/user/portrait_small.png""},{""Id"":""4de2fc93-0afa-4b7f-3227-08db08708fc4"",""Name"":""Nicholas Petrie"",""ImagePath"":""assets/user/portrait_small.png""},{""Id"":""65d8196f-526e-40b2-b8b7-08db15fcee0f"",""Name"":""Hudsen Christensen"",""ImagePath"":""assets/user/portrait_small.png""},{""Id"":""56405cb0-f063-4086-1407-08db1e5a891c"",""Name"":""Aaron Saisongkham"",""ImagePath"":""assets/user/portrait_small.png""},{""Id"":""aeac3bf4-3962-4bc0-a860-08db200229fa"",""Name"":""Jasmin Smith"",""ImagePath"":""assets/user/portrait_small.png""}]","C55CE1CD-72B5-4186-15F8-08D7926CEEE1","2","57C9E1AD-E9E1-4C03-EB30-08DAF28E3236","Catalyst","2023-02-23 20:09:23.624403","2023-02-23 20:25:41.617091","","0.0","18E42DBE-F9AF-4C90-9F35-DCCDCAD82B51","{""Id"":""18e42dbe-f9af-4c90-9f35-dccdcad82b51"",""Name"":""Active"",""Caption"":""Active""}","3","E04BD2D2-1A48-4EFE-8184-08DAFF1D643C","E04BD2D2-1A48-4EFE-8184-08DAFF1D643C","","","e04bd2d2-1a48-4efe-8184-08daff1d643c","[{""Id"":""e04bd2d2-1a48-4efe-8184-08daff1d643c"",""Name"":""Anthony Garcia"",""ImagePath"":null}]","AB995316-AC5B-4F93-3F22-08DB008453BF"
"CE423CA4-3A1C-4D34-8F59-08DB15BD253C","YOURx Health","26710 i45 North","vbroussard@yourxhealth.com","vbroussard@yourxhealth.com","Spring","TX","77386","True","ab995316-ac5b-4f93-3f22-08db008453bf,a2e9d2ff-13bb-4958-7a9e-08db15c40344","[{""Id"":""ab995316-ac5b-4f93-3f22-08db008453bf"",""Name"":""Joshua Green"",""ImagePath"":""assets/user/portrait_small.png""},{""Id"":""a2e9d2ff-13bb-4958-7a9e-08db15c40344"",""Name"":""Vincent Broussard"",""ImagePath"":""assets/user/portrait_small.png""}]","487f4a47-9ccf-42bb-d85b-08daf8a9d2b6,c6992e31-6ee2-482c-d85d-08daf8a9d2b6,a753707c-58ab-43a4-d85e-08daf8a9d2b6,ab995316-ac5b-4f93-3f22-08db008453bf,6c52524a-a942-4393-3226-08db08708fc4,4de2fc93-0afa-4b7f-3227-08db08708fc4,65d8196f-526e-40b2-b8b7-08db15fcee0f,56405cb0-f063-4086-1407-08db1e5a891c,aeac3bf4-3962-4bc0-a860-08db200229fa","[{""Id"":""487f4a47-9ccf-42bb-d85b-08daf8a9d2b6"",""Name"":""Wyatt Hite"",""ImagePath"":""assets/user/portrait_small.png""},{""Id"":""c6992e31-6ee2-482c-d85d-08daf8a9d2b6"",""Name"":""Paul Olsen"",""ImagePath"":""assets/user/portrait_small.png""},{""Id"":""a753707c-58ab-43a4-d85e-08daf8a9d2b6"",""Name"":""Jeff Gibbs"",""ImagePath"":""assets/user/portrait_small.png""},{""Id"":""ab995316-ac5b-4f93-3f22-08db008453bf"",""Name"":""Joshua Green"",""ImagePath"":""assets/user/portrait_small.png""},{""Id"":""6c52524a-a942-4393-3226-08db08708fc4"",""Name"":""Christina Jackson"",""ImagePath"":""assets/user/portrait_small.png""},{""Id"":""4de2fc93-0afa-4b7f-3227-08db08708fc4"",""Name"":""Nicholas Petrie"",""ImagePath"":""assets/user/portrait_small.png""},{""Id"":""65d8196f-526e-40b2-b8b7-08db15fcee0f"",""Name"":""Hudsen Christensen"",""ImagePath"":""assets/user/portrait_small.png""},{""Id"":""56405cb0-f063-4086-1407-08db1e5a891c"",""Name"":""Aaron Saisongkham"",""ImagePath"":""assets/user/portrait_small.png""},{""Id"":""aeac3bf4-3962-4bc0-a860-08db200229fa"",""Name"":""Jasmin Smith"",""ImagePath"":""assets/user/portrait_small.png""}]","C55CE1CD-72B5-4186-15F8-08D7926CEEE1","6","57C9E1AD-E9E1-4C03-EB30-08DAF28E3236","Catalyst","2023-02-23 20:36:33.280299","","","0.0","18E42DBE-F9AF-4C90-9F35-DCCDCAD82B51","{""Id"":""18e42dbe-f9af-4c90-9f35-dccdcad82b51"",""Name"":""Active"",""Caption"":""Active""}","4","E04BD2D2-1A48-4EFE-8184-08DAFF1D643C","","","","e04bd2d2-1a48-4efe-8184-08daff1d643c,ab995316-ac5b-4f93-3f22-08db008453bf","[{""Id"":""e04bd2d2-1a48-4efe-8184-08daff1d643c"",""Name"":""Anthony Garcia"",""ImagePath"":null},{""Id"":""ab995316-ac5b-4f93-3f22-08db008453bf"",""Name"":""Joshua Green"",""ImagePath"":""assets/user/portrait_small.png""}]","AB995316-AC5B-4F93-3F22-08DB008453BF"
"056C3E4E-E5D6-4D4B-8F5A-08DB15BD253C","Archer Mechanical - Catalyst","2745 California Avenue","tony.rickards@archermech.com","tony.rickards@archermech.com","Salt Lake City","UT","84104","True","ab995316-ac5b-4f93-3f22-08db008453bf,c44de254-4c9a-41f1-7a9f-08db15c40344","[{""Id"":""ab995316-ac5b-4f93-3f22-08db008453bf"",""Name"":""Joshua Green"",""ImagePath"":""assets/user/portrait_small.png""},{""Id"":""c44de254-4c9a-41f1-7a9f-08db15c40344"",""Name"":""Tony Rickards"",""ImagePath"":""assets/user/portrait_small.png""}]","487f4a47-9ccf-42bb-d85b-08daf8a9d2b6,c6992e31-6ee2-482c-d85d-08daf8a9d2b6,a753707c-58ab-43a4-d85e-08daf8a9d2b6,ab995316-ac5b-4f93-3f22-08db008453bf,6c52524a-a942-4393-3226-08db08708fc4,4de2fc93-0afa-4b7f-3227-08db08708fc4,65d8196f-526e-40b2-b8b7-08db15fcee0f,56405cb0-f063-4086-1407-08db1e5a891c,aeac3bf4-3962-4bc0-a860-08db200229fa","[{""Id"":""487f4a47-9ccf-42bb-d85b-08daf8a9d2b6"",""Name"":""Wyatt Hite"",""ImagePath"":""assets/user/portrait_small.png""},{""Id"":""c6992e31-6ee2-482c-d85d-08daf8a9d2b6"",""Name"":""Paul Olsen"",""ImagePath"":""assets/user/portrait_small.png""},{""Id"":""a753707c-58ab-43a4-d85e-08daf8a9d2b6"",""Name"":""Jeff Gibbs"",""ImagePath"":""assets/user/portrait_small.png""},{""Id"":""ab995316-ac5b-4f93-3f22-08db008453bf"",""Name"":""Joshua Green"",""ImagePath"":""assets/user/portrait_small.png""},{""Id"":""6c52524a-a942-4393-3226-08db08708fc4"",""Name"":""Christina Jackson"",""ImagePath"":""assets/user/portrait_small.png""},{""Id"":""4de2fc93-0afa-4b7f-3227-08db08708fc4"",""Name"":""Nicholas Petrie"",""ImagePath"":""assets/user/portrait_small.png""},{""Id"":""65d8196f-526e-40b2-b8b7-08db15fcee0f"",""Name"":""Hudsen Christensen"",""ImagePath"":""assets/user/portrait_small.png""},{""Id"":""56405cb0-f063-4086-1407-08db1e5a891c"",""Name"":""Aaron Saisongkham"",""ImagePath"":""assets/user/portrait_small.png""},{""Id"":""aeac3bf4-3962-4bc0-a860-08db200229fa"",""Name"":""Jasmin Smith"",""ImagePath"":""assets/user/portrait_small.png""}]","C55CE1CD-72B5-4186-15F8-08D7926CEEE1","1","57C9E1AD-E9E1-4C03-EB30-08DAF28E3236","Catalyst","2023-02-23 20:46:58.316100","","","0.0","18E42DBE-F9AF-4C90-9F35-DCCDCAD82B51","{""Id"":""18e42dbe-f9af-4c90-9f35-dccdcad82b51"",""Name"":""Active"",""Caption"":""Active""}","4","E04BD2D2-1A48-4EFE-8184-08DAFF1D643C","","","","e04bd2d2-1a48-4efe-8184-08daff1d643c,ab995316-ac5b-4f93-3f22-08db008453bf","[{""Id"":""e04bd2d2-1a48-4efe-8184-08daff1d643c"",""Name"":""Anthony Garcia"",""ImagePath"":null},{""Id"":""ab995316-ac5b-4f93-3f22-08db008453bf"",""Name"":""Joshua Green"",""ImagePath"":""assets/user/portrait_small.png""}]","AB995316-AC5B-4F93-3F22-08DB008453BF"
"591A53BD-CC59-4B93-0298-08DB190FF997","Xact Light LLC - Catalyst","35 N 1400 W","Rross@xactlight.net","Rross@xactlight.net","Lindon","UT","84042","True","ab995316-ac5b-4f93-3f22-08db008453bf,2a655a64-34e3-4d30-3189-08db1913f9dd","[{""Id"":""ab995316-ac5b-4f93-3f22-08db008453bf"",""Name"":""Joshua Green"",""ImagePath"":""assets/user/portrait_small.png""},{""Id"":""2a655a64-34e3-4d30-3189-08db1913f9dd"",""Name"":""Rob Ross"",""ImagePath"":""assets/user/portrait_small.png""}]","487f4a47-9ccf-42bb-d85b-08daf8a9d2b6,c6992e31-6ee2-482c-d85d-08daf8a9d2b6,a753707c-58ab-43a4-d85e-08daf8a9d2b6,ab995316-ac5b-4f93-3f22-08db008453bf,6c52524a-a942-4393-3226-08db08708fc4,4de2fc93-0afa-4b7f-3227-08db08708fc4,65d8196f-526e-40b2-b8b7-08db15fcee0f,56405cb0-f063-4086-1407-08db1e5a891c,aeac3bf4-3962-4bc0-a860-08db200229fa","[{""Id"":""487f4a47-9ccf-42bb-d85b-08daf8a9d2b6"",""Name"":""Wyatt Hite"",""ImagePath"":""assets/user/portrait_small.png""},{""Id"":""c6992e31-6ee2-482c-d85d-08daf8a9d2b6"",""Name"":""Paul Olsen"",""ImagePath"":""assets/user/portrait_small.png""},{""Id"":""a753707c-58ab-43a4-d85e-08daf8a9d2b6"",""Name"":""Jeff Gibbs"",""ImagePath"":""assets/user/portrait_small.png""},{""Id"":""ab995316-ac5b-4f93-3f22-08db008453bf"",""Name"":""Joshua Green"",""ImagePath"":""assets/user/portrait_small.png""},{""Id"":""6c52524a-a942-4393-3226-08db08708fc4"",""Name"":""Christina Jackson"",""ImagePath"":""assets/user/portrait_small.png""},{""Id"":""4de2fc93-0afa-4b7f-3227-08db08708fc4"",""Name"":""Nicholas Petrie"",""ImagePath"":""assets/user/portrait_small.png""},{""Id"":""65d8196f-526e-40b2-b8b7-08db15fcee0f"",""Name"":""Hudsen Christensen"",""ImagePath"":""assets/user/portrait_small.png""},{""Id"":""56405cb0-f063-4086-1407-08db1e5a891c"",""Name"":""Aaron Saisongkham"",""ImagePath"":""assets/user/portrait_small.png""},{""Id"":""aeac3bf4-3962-4bc0-a860-08db200229fa"",""Name"":""Jasmin Smith"",""ImagePath"":""assets/user/portrait_small.png""}]","C55CE1CD-72B5-4186-15F8-08D7926CEEE1","4","57C9E1AD-E9E1-4C03-EB30-08DAF28E3236","Catalyst","2023-02-27 23:06:33.880559","","","0.0","18E42DBE-F9AF-4C90-9F35-DCCDCAD82B51","{""Id"":""18e42dbe-f9af-4c90-9f35-dccdcad82b51"",""Name"":""Active"",""Caption"":""Active""}","4","E04BD2D2-1A48-4EFE-8184-08DAFF1D643C","","","","e04bd2d2-1a48-4efe-8184-08daff1d643c,ab995316-ac5b-4f93-3f22-08db008453bf","[{""Id"":""e04bd2d2-1a48-4efe-8184-08daff1d643c"",""Name"":""Anthony Garcia"",""ImagePath"":null},{""Id"":""ab995316-ac5b-4f93-3f22-08db008453bf"",""Name"":""Joshua Green"",""ImagePath"":""assets/user/portrait_small.png""}]","AB995316-AC5B-4F93-3F22-08DB008453BF"
"65366BAE-B890-4FFF-F3F0-08DB1A809E26","We Crush Events - Catalyst","12044 W Washington Blvd Unit 2W","danielle@wecrushevents.com","danielle@wecrushevents.com","Los Angeles","CA","90066","True","ab995316-ac5b-4f93-3f22-08db008453bf,b2a0e076-2c59-4ada-a001-08db1a7ec333","[{""Id"":""ab995316-ac5b-4f93-3f22-08db008453bf"",""Name"":""Joshua Green"",""ImagePath"":""assets/user/portrait_small.png""},{""Id"":""b2a0e076-2c59-4ada-a001-08db1a7ec333"",""Name"":""Danielle Thieret"",""ImagePath"":""assets/user/portrait_small.png""}]","487f4a47-9ccf-42bb-d85b-08daf8a9d2b6,c6992e31-6ee2-482c-d85d-08daf8a9d2b6,a753707c-58ab-43a4-d85e-08daf8a9d2b6,ab995316-ac5b-4f93-3f22-08db008453bf,6c52524a-a942-4393-3226-08db08708fc4,4de2fc93-0afa-4b7f-3227-08db08708fc4,65d8196f-526e-40b2-b8b7-08db15fcee0f,56405cb0-f063-4086-1407-08db1e5a891c,aeac3bf4-3962-4bc0-a860-08db200229fa","[{""Id"":""487f4a47-9ccf-42bb-d85b-08daf8a9d2b6"",""Name"":""Wyatt Hite"",""ImagePath"":""assets/user/portrait_small.png""},{""Id"":""c6992e31-6ee2-482c-d85d-08daf8a9d2b6"",""Name"":""Paul Olsen"",""ImagePath"":""assets/user/portrait_small.png""},{""Id"":""a753707c-58ab-43a4-d85e-08daf8a9d2b6"",""Name"":""Jeff Gibbs"",""ImagePath"":""assets/user/portrait_small.png""},{""Id"":""ab995316-ac5b-4f93-3f22-08db008453bf"",""Name"":""Joshua Green"",""ImagePath"":""assets/user/portrait_small.png""},{""Id"":""6c52524a-a942-4393-3226-08db08708fc4"",""Name"":""Christina Jackson"",""ImagePath"":""assets/user/portrait_small.png""},{""Id"":""4de2fc93-0afa-4b7f-3227-08db08708fc4"",""Name"":""Nicholas Petrie"",""ImagePath"":""assets/user/portrait_small.png""},{""Id"":""65d8196f-526e-40b2-b8b7-08db15fcee0f"",""Name"":""Hudsen Christensen"",""ImagePath"":""assets/user/portrait_small.png""},{""Id"":""56405cb0-f063-4086-1407-08db1e5a891c"",""Name"":""Aaron Saisongkham"",""ImagePath"":""assets/user/portrait_small.png""},{""Id"":""aeac3bf4-3962-4bc0-a860-08db200229fa"",""Name"":""Jasmin Smith"",""ImagePath"":""assets/user/portrait_small.png""}]","C55CE1CD-72B5-4186-15F8-08D7926CEEE1","4","57C9E1AD-E9E1-4C03-EB30-08DAF28E3236","Catalyst","2023-03-01 19:01:24.130512","2023-03-20 17:48:31.241987","","0.0","18E42DBE-F9AF-4C90-9F35-DCCDCAD82B51","{""Id"":""18e42dbe-f9af-4c90-9f35-dccdcad82b51"",""Name"":""Active"",""Caption"":""Active""}","4","E04BD2D2-1A48-4EFE-8184-08DAFF1D643C","E04BD2D2-1A48-4EFE-8184-08DAFF1D643C","","","e04bd2d2-1a48-4efe-8184-08daff1d643c,ab995316-ac5b-4f93-3f22-08db008453bf","[{""Id"":""e04bd2d2-1a48-4efe-8184-08daff1d643c"",""Name"":""Anthony Garcia"",""ImagePath"":null},{""Id"":""ab995316-ac5b-4f93-3f22-08db008453bf"",""Name"":""Joshua Green"",""ImagePath"":""assets/user/portrait_small.png""}]","AB995316-AC5B-4F93-3F22-08DB008453BF"
"E2481892-649F-41FE-EE75-08DB1AB75B7C","Select Builders - Catalyst","9223 Solon Rd, Suite C","Yuli@select-builders.com","Yuli@select-builders.com","Houston","TX","77064","True","ab995316-ac5b-4f93-3f22-08db008453bf,0113918a-f8f5-44b5-bc71-08db1ab7b3f8","[{""Id"":""ab995316-ac5b-4f93-3f22-08db008453bf"",""Name"":""Joshua Green"",""ImagePath"":""assets/user/portrait_small.png""},{""Id"":""0113918a-f8f5-44b5-bc71-08db1ab7b3f8"",""Name"":""Yuliana López"",""ImagePath"":""assets/user/portrait_small.png""}]","487f4a47-9ccf-42bb-d85b-08daf8a9d2b6,c6992e31-6ee2-482c-d85d-08daf8a9d2b6,a753707c-58ab-43a4-d85e-08daf8a9d2b6,ab995316-ac5b-4f93-3f22-08db008453bf,6c52524a-a942-4393-3226-08db08708fc4,4de2fc93-0afa-4b7f-3227-08db08708fc4,65d8196f-526e-40b2-b8b7-08db15fcee0f,56405cb0-f063-4086-1407-08db1e5a891c,aeac3bf4-3962-4bc0-a860-08db200229fa","[{""Id"":""487f4a47-9ccf-42bb-d85b-08daf8a9d2b6"",""Name"":""Wyatt Hite"",""ImagePath"":""assets/user/portrait_small.png""},{""Id"":""c6992e31-6ee2-482c-d85d-08daf8a9d2b6"",""Name"":""Paul Olsen"",""ImagePath"":""assets/user/portrait_small.png""},{""Id"":""a753707c-58ab-43a4-d85e-08daf8a9d2b6"",""Name"":""Jeff Gibbs"",""ImagePath"":""assets/user/portrait_small.png""},{""Id"":""ab995316-ac5b-4f93-3f22-08db008453bf"",""Name"":""Joshua Green"",""ImagePath"":""assets/user/portrait_small.png""},{""Id"":""6c52524a-a942-4393-3226-08db08708fc4"",""Name"":""Christina Jackson"",""ImagePath"":""assets/user/portrait_small.png""},{""Id"":""4de2fc93-0afa-4b7f-3227-08db08708fc4"",""Name"":""Nicholas Petrie"",""ImagePath"":""assets/user/portrait_small.png""},{""Id"":""65d8196f-526e-40b2-b8b7-08db15fcee0f"",""Name"":""Hudsen Christensen"",""ImagePath"":""assets/user/portrait_small.png""},{""Id"":""56405cb0-f063-4086-1407-08db1e5a891c"",""Name"":""Aaron Saisongkham"",""ImagePath"":""assets/user/portrait_small.png""},{""Id"":""aeac3bf4-3962-4bc0-a860-08db200229fa"",""Name"":""Jasmin Smith"",""ImagePath"":""assets/user/portrait_small.png""}]","C55CE1CD-72B5-4186-15F8-08D7926CEEE1","2","57C9E1AD-E9E1-4C03-EB30-08DAF28E3236","Catalyst","2023-03-02 00:45:01.919199","","","0.0","18E42DBE-F9AF-4C90-9F35-DCCDCAD82B51","{""Id"":""18e42dbe-f9af-4c90-9f35-dccdcad82b51"",""Name"":""Active"",""Caption"":""Active""}","3","E04BD2D2-1A48-4EFE-8184-08DAFF1D643C","","","","e04bd2d2-1a48-4efe-8184-08daff1d643c","[{""Id"":""e04bd2d2-1a48-4efe-8184-08daff1d643c"",""Name"":""Anthony Garcia"",""ImagePath"":null}]","AB995316-AC5B-4F93-3F22-08DB008453BF"
"B0E45850-4A9D-45A5-C278-08DB1B5DF0D1","Nick Mitchell","3440 south 500 east #5","nicholasmitchell286@gmail.com","nicholasmitchell286@gmail.com","Salt Lake City","UT","84106","True","ab995316-ac5b-4f93-3f22-08db008453bf,4fa86dd3-e254-4f9c-8540-08db1b5c0fe2","[{""Id"":""ab995316-ac5b-4f93-3f22-08db008453bf"",""Name"":""Joshua Green"",""ImagePath"":""assets/user/portrait_small.png""},{""Id"":""4fa86dd3-e254-4f9c-8540-08db1b5c0fe2"",""Name"":""Nick Mitchell"",""ImagePath"":""assets/user/portrait_small.png""}]","487f4a47-9ccf-42bb-d85b-08daf8a9d2b6,c6992e31-6ee2-482c-d85d-08daf8a9d2b6,a753707c-58ab-43a4-d85e-08daf8a9d2b6,ab995316-ac5b-4f93-3f22-08db008453bf,6c52524a-a942-4393-3226-08db08708fc4,4de2fc93-0afa-4b7f-3227-08db08708fc4,65d8196f-526e-40b2-b8b7-08db15fcee0f,56405cb0-f063-4086-1407-08db1e5a891c,aeac3bf4-3962-4bc0-a860-08db200229fa","[{""Id"":""487f4a47-9ccf-42bb-d85b-08daf8a9d2b6"",""Name"":""Wyatt Hite"",""ImagePath"":""assets/user/portrait_small.png""},{""Id"":""c6992e31-6ee2-482c-d85d-08daf8a9d2b6"",""Name"":""Paul Olsen"",""ImagePath"":""assets/user/portrait_small.png""},{""Id"":""a753707c-58ab-43a4-d85e-08daf8a9d2b6"",""Name"":""Jeff Gibbs"",""ImagePath"":""assets/user/portrait_small.png""},{""Id"":""ab995316-ac5b-4f93-3f22-08db008453bf"",""Name"":""Joshua Green"",""ImagePath"":""assets/user/portrait_small.png""},{""Id"":""6c52524a-a942-4393-3226-08db08708fc4"",""Name"":""Christina Jackson"",""ImagePath"":""assets/user/portrait_small.png""},{""Id"":""4de2fc93-0afa-4b7f-3227-08db08708fc4"",""Name"":""Nicholas Petrie"",""ImagePath"":""assets/user/portrait_small.png""},{""Id"":""65d8196f-526e-40b2-b8b7-08db15fcee0f"",""Name"":""Hudsen Christensen"",""ImagePath"":""assets/user/portrait_small.png""},{""Id"":""56405cb0-f063-4086-1407-08db1e5a891c"",""Name"":""Aaron Saisongkham"",""ImagePath"":""assets/user/portrait_small.png""},{""Id"":""aeac3bf4-3962-4bc0-a860-08db200229fa"",""Name"":""Jasmin Smith"",""ImagePath"":""assets/user/portrait_small.png""}]","C55CE1CD-72B5-4186-15F8-08D7926CEEE1","2","57C9E1AD-E9E1-4C03-EB30-08DAF28E3236","Catalyst","2023-03-02 21:05:19.577213","","","0.0","18E42DBE-F9AF-4C90-9F35-DCCDCAD82B51","{""Id"":""18e42dbe-f9af-4c90-9f35-dccdcad82b51"",""Name"":""Active"",""Caption"":""Active""}","3","E04BD2D2-1A48-4EFE-8184-08DAFF1D643C","","","","e04bd2d2-1a48-4efe-8184-08daff1d643c","[{""Id"":""e04bd2d2-1a48-4efe-8184-08daff1d643c"",""Name"":""Anthony Garcia"",""ImagePath"":null}]","AB995316-AC5B-4F93-3F22-08DB008453BF"
"1031E3E2-0720-497E-9650-08DB2BD0F151","Synergy Solution Group","P.O. Box 21","julie@synergysolutiongroup.com","julie@synergysolutiongroup.com","Yorkville","IL","60560","True","ab995316-ac5b-4f93-3f22-08db008453bf,7b359906-b290-48e3-4151-08db2bd11675","[{""Id"":""ab995316-ac5b-4f93-3f22-08db008453bf"",""Name"":""Joshua Green"",""ImagePath"":""assets/user/portrait_small.png""},{""Id"":""7b359906-b290-48e3-4151-08db2bd11675"",""Name"":""Jim  Bartolotta"",""ImagePath"":""assets/user/portrait_small.png""}]","487f4a47-9ccf-42bb-d85b-08daf8a9d2b6,c6992e31-6ee2-482c-d85d-08daf8a9d2b6,a753707c-58ab-43a4-d85e-08daf8a9d2b6,ab995316-ac5b-4f93-3f22-08db008453bf,6c52524a-a942-4393-3226-08db08708fc4,4de2fc93-0afa-4b7f-3227-08db08708fc4,65d8196f-526e-40b2-b8b7-08db15fcee0f,56405cb0-f063-4086-1407-08db1e5a891c,aeac3bf4-3962-4bc0-a860-08db200229fa","[{""Id"":""487f4a47-9ccf-42bb-d85b-08daf8a9d2b6"",""Name"":""Wyatt Hite"",""ImagePath"":""assets/user/portrait_small.png""},{""Id"":""c6992e31-6ee2-482c-d85d-08daf8a9d2b6"",""Name"":""Paul Olsen"",""ImagePath"":""assets/user/portrait_small.png""},{""Id"":""a753707c-58ab-43a4-d85e-08daf8a9d2b6"",""Name"":""Jeff Gibbs"",""ImagePath"":""assets/user/portrait_small.png""},{""Id"":""ab995316-ac5b-4f93-3f22-08db008453bf"",""Name"":""Joshua Green"",""ImagePath"":""assets/user/portrait_small.png""},{""Id"":""6c52524a-a942-4393-3226-08db08708fc4"",""Name"":""Christina Jackson"",""ImagePath"":""assets/user/portrait_small.png""},{""Id"":""4de2fc93-0afa-4b7f-3227-08db08708fc4"",""Name"":""Nicholas Petrie"",""ImagePath"":""assets/user/portrait_small.png""},{""Id"":""65d8196f-526e-40b2-b8b7-08db15fcee0f"",""Name"":""Hudsen Christensen"",""ImagePath"":""assets/user/portrait_small.png""},{""Id"":""56405cb0-f063-4086-1407-08db1e5a891c"",""Name"":""Aaron Saisongkham"",""ImagePath"":""assets/user/portrait_small.png""},{""Id"":""aeac3bf4-3962-4bc0-a860-08db200229fa"",""Name"":""Jasmin Smith"",""ImagePath"":""assets/user/portrait_small.png""}]","C55CE1CD-72B5-4186-15F8-08D7926CEEE1","4","57C9E1AD-E9E1-4C03-EB30-08DAF28E3236","Catalyst","2023-03-23 22:32:04.755003","2023-03-23 22:35:58.709765","","0.0","18E42DBE-F9AF-4C90-9F35-DCCDCAD82B51","{""Id"":""18e42dbe-f9af-4c90-9f35-dccdcad82b51"",""Name"":""Active"",""Caption"":""Active""}","4","C73CFED1-5618-45BA-8186-08DAFF1D643C","C73CFED1-5618-45BA-8186-08DAFF1D643C","","","c73cfed1-5618-45ba-8186-08daff1d643c,ab995316-ac5b-4f93-3f22-08db008453bf","[{""Id"":""c73cfed1-5618-45ba-8186-08daff1d643c"",""Name"":""Regan Daich"",""ImagePath"":null},{""Id"":""ab995316-ac5b-4f93-3f22-08db008453bf"",""Name"":""Joshua Green"",""ImagePath"":""assets/user/portrait_small.png""}]","AB995316-AC5B-4F93-3F22-08DB008453BF"
"506F4860-C3F8-4347-5053-08DB2EE8B2CC","Victor Romero","3940 West 4100 South","nvromero@yahoo.com","nvromero@yahoo.com","Salt Lake City","UT","84120","True","ab995316-ac5b-4f93-3f22-08db008453bf,c193b6f8-90f1-45af-5f58-08db2ed7de81","[{""Id"":""ab995316-ac5b-4f93-3f22-08db008453bf"",""Name"":""Joshua Green"",""ImagePath"":""assets/user/portrait_small.png""},{""Id"":""c193b6f8-90f1-45af-5f58-08db2ed7de81"",""Name"":""Victor  Romero"",""ImagePath"":""assets/user/portrait_small.png""}]","487f4a47-9ccf-42bb-d85b-08daf8a9d2b6,c6992e31-6ee2-482c-d85d-08daf8a9d2b6,a753707c-58ab-43a4-d85e-08daf8a9d2b6,ab995316-ac5b-4f93-3f22-08db008453bf,6c52524a-a942-4393-3226-08db08708fc4,4de2fc93-0afa-4b7f-3227-08db08708fc4,65d8196f-526e-40b2-b8b7-08db15fcee0f,56405cb0-f063-4086-1407-08db1e5a891c,aeac3bf4-3962-4bc0-a860-08db200229fa","[{""Id"":""487f4a47-9ccf-42bb-d85b-08daf8a9d2b6"",""Name"":""Wyatt Hite"",""ImagePath"":""assets/user/portrait_small.png""},{""Id"":""c6992e31-6ee2-482c-d85d-08daf8a9d2b6"",""Name"":""Paul Olsen"",""ImagePath"":""assets/user/portrait_small.png""},{""Id"":""a753707c-58ab-43a4-d85e-08daf8a9d2b6"",""Name"":""Jeff Gibbs"",""ImagePath"":""assets/user/portrait_small.png""},{""Id"":""ab995316-ac5b-4f93-3f22-08db008453bf"",""Name"":""Joshua Green"",""ImagePath"":""assets/user/portrait_small.png""},{""Id"":""6c52524a-a942-4393-3226-08db08708fc4"",""Name"":""Christina Jackson"",""ImagePath"":""assets/user/portrait_small.png""},{""Id"":""4de2fc93-0afa-4b7f-3227-08db08708fc4"",""Name"":""Nicholas Petrie"",""ImagePath"":""assets/user/portrait_small.png""},{""Id"":""65d8196f-526e-40b2-b8b7-08db15fcee0f"",""Name"":""Hudsen Christensen"",""ImagePath"":""assets/user/portrait_small.png""},{""Id"":""56405cb0-f063-4086-1407-08db1e5a891c"",""Name"":""Aaron Saisongkham"",""ImagePath"":""assets/user/portrait_small.png""},{""Id"":""aeac3bf4-3962-4bc0-a860-08db200229fa"",""Name"":""Jasmin Smith"",""ImagePath"":""assets/user/portrait_small.png""}]","C55CE1CD-72B5-4186-15F8-08D7926CEEE1","4","57C9E1AD-E9E1-4C03-EB30-08DAF28E3236","Catalyst","2023-03-27 17:28:36.994667","2023-03-27 17:29:58.934717","","0.0","18E42DBE-F9AF-4C90-9F35-DCCDCAD82B51","{""Id"":""18e42dbe-f9af-4c90-9f35-dccdcad82b51"",""Name"":""Active"",""Caption"":""Active""}","4","C73CFED1-5618-45BA-8186-08DAFF1D643C","C73CFED1-5618-45BA-8186-08DAFF1D643C","","","c73cfed1-5618-45ba-8186-08daff1d643c,ab995316-ac5b-4f93-3f22-08db008453bf","[{""Id"":""c73cfed1-5618-45ba-8186-08daff1d643c"",""Name"":""Regan Daich"",""ImagePath"":null},{""Id"":""ab995316-ac5b-4f93-3f22-08db008453bf"",""Name"":""Joshua Green"",""ImagePath"":""assets/user/portrait_small.png""}]","AB995316-AC5B-4F93-3F22-08DB008453BF"
"A9F6BCD9-7471-4FB5-CEB9-08DB2F1F2FDC","Dripli","899 n 120 e ","Kentricheson@outlook.com","Kentricheson@outlook.com","Spanish Fork","UT","84660","True","ab995316-ac5b-4f93-3f22-08db008453bf,025d461c-6590-4c94-7549-08db2f1f660c","[{""Id"":""ab995316-ac5b-4f93-3f22-08db008453bf"",""Name"":""Joshua Green"",""ImagePath"":""assets/user/portrait_small.png""},{""Id"":""025d461c-6590-4c94-7549-08db2f1f660c"",""Name"":""Kent Richeson"",""ImagePath"":""assets/user/portrait_small.png""}]","487f4a47-9ccf-42bb-d85b-08daf8a9d2b6,c6992e31-6ee2-482c-d85d-08daf8a9d2b6,a753707c-58ab-43a4-d85e-08daf8a9d2b6,ab995316-ac5b-4f93-3f22-08db008453bf,6c52524a-a942-4393-3226-08db08708fc4,4de2fc93-0afa-4b7f-3227-08db08708fc4,65d8196f-526e-40b2-b8b7-08db15fcee0f,56405cb0-f063-4086-1407-08db1e5a891c,aeac3bf4-3962-4bc0-a860-08db200229fa","[{""Id"":""487f4a47-9ccf-42bb-d85b-08daf8a9d2b6"",""Name"":""Wyatt Hite"",""ImagePath"":""assets/user/portrait_small.png""},{""Id"":""c6992e31-6ee2-482c-d85d-08daf8a9d2b6"",""Name"":""Paul Olsen"",""ImagePath"":""assets/user/portrait_small.png""},{""Id"":""a753707c-58ab-43a4-d85e-08daf8a9d2b6"",""Name"":""Jeff Gibbs"",""ImagePath"":""assets/user/portrait_small.png""},{""Id"":""ab995316-ac5b-4f93-3f22-08db008453bf"",""Name"":""Joshua Green"",""ImagePath"":""assets/user/portrait_small.png""},{""Id"":""6c52524a-a942-4393-3226-08db08708fc4"",""Name"":""Christina Jackson"",""ImagePath"":""assets/user/portrait_small.png""},{""Id"":""4de2fc93-0afa-4b7f-3227-08db08708fc4"",""Name"":""Nicholas Petrie"",""ImagePath"":""assets/user/portrait_small.png""},{""Id"":""65d8196f-526e-40b2-b8b7-08db15fcee0f"",""Name"":""Hudsen Christensen"",""ImagePath"":""assets/user/portrait_small.png""},{""Id"":""56405cb0-f063-4086-1407-08db1e5a891c"",""Name"":""Aaron Saisongkham"",""ImagePath"":""assets/user/portrait_small.png""},{""Id"":""aeac3bf4-3962-4bc0-a860-08db200229fa"",""Name"":""Jasmin Smith"",""ImagePath"":""assets/user/portrait_small.png""}]","C55CE1CD-72B5-4186-15F8-08D7926CEEE1","6","57C9E1AD-E9E1-4C03-EB30-08DAF28E3236","Catalyst","2023-03-28 00:14:07.710014","","","0.0","18E42DBE-F9AF-4C90-9F35-DCCDCAD82B51","{""Id"":""18e42dbe-f9af-4c90-9f35-dccdcad82b51"",""Name"":""Active"",""Caption"":""Active""}","4","E04BD2D2-1A48-4EFE-8184-08DAFF1D643C","","","","e04bd2d2-1a48-4efe-8184-08daff1d643c,ab995316-ac5b-4f93-3f22-08db008453bf","[{""Id"":""e04bd2d2-1a48-4efe-8184-08daff1d643c"",""Name"":""Anthony Garcia"",""ImagePath"":null},{""Id"":""ab995316-ac5b-4f93-3f22-08db008453bf"",""Name"":""Joshua Green"",""ImagePath"":""assets/user/portrait_small.png""}]","AB995316-AC5B-4F93-3F22-08DB008453BF"
"1A9D056D-8607-401B-CEBA-08DB2F1F2FDC","RefloDX LLC","450 South Simmons Way, Suite #600","rudy@reflodx.com","rudy@reflodx.com","Kaysville","UT","84037","True","ab995316-ac5b-4f93-3f22-08db008453bf,f41999dc-0b9e-47f1-754a-08db2f1f660c","[{""Id"":""ab995316-ac5b-4f93-3f22-08db008453bf"",""Name"":""Joshua Green"",""ImagePath"":""assets/user/portrait_small.png""},{""Id"":""f41999dc-0b9e-47f1-754a-08db2f1f660c"",""Name"":""Rudy Wilcox"",""ImagePath"":""assets/user/portrait_small.png""}]","487f4a47-9ccf-42bb-d85b-08daf8a9d2b6,c6992e31-6ee2-482c-d85d-08daf8a9d2b6,a753707c-58ab-43a4-d85e-08daf8a9d2b6,ab995316-ac5b-4f93-3f22-08db008453bf,6c52524a-a942-4393-3226-08db08708fc4,4de2fc93-0afa-4b7f-3227-08db08708fc4,65d8196f-526e-40b2-b8b7-08db15fcee0f,56405cb0-f063-4086-1407-08db1e5a891c,aeac3bf4-3962-4bc0-a860-08db200229fa","[{""Id"":""487f4a47-9ccf-42bb-d85b-08daf8a9d2b6"",""Name"":""Wyatt Hite"",""ImagePath"":""assets/user/portrait_small.png""},{""Id"":""c6992e31-6ee2-482c-d85d-08daf8a9d2b6"",""Name"":""Paul Olsen"",""ImagePath"":""assets/user/portrait_small.png""},{""Id"":""a753707c-58ab-43a4-d85e-08daf8a9d2b6"",""Name"":""Jeff Gibbs"",""ImagePath"":""assets/user/portrait_small.png""},{""Id"":""ab995316-ac5b-4f93-3f22-08db008453bf"",""Name"":""Joshua Green"",""ImagePath"":""assets/user/portrait_small.png""},{""Id"":""6c52524a-a942-4393-3226-08db08708fc4"",""Name"":""Christina Jackson"",""ImagePath"":""assets/user/portrait_small.png""},{""Id"":""4de2fc93-0afa-4b7f-3227-08db08708fc4"",""Name"":""Nicholas Petrie"",""ImagePath"":""assets/user/portrait_small.png""},{""Id"":""65d8196f-526e-40b2-b8b7-08db15fcee0f"",""Name"":""Hudsen Christensen"",""ImagePath"":""assets/user/portrait_small.png""},{""Id"":""56405cb0-f063-4086-1407-08db1e5a891c"",""Name"":""Aaron Saisongkham"",""ImagePath"":""assets/user/portrait_small.png""},{""Id"":""aeac3bf4-3962-4bc0-a860-08db200229fa"",""Name"":""Jasmin Smith"",""ImagePath"":""assets/user/portrait_small.png""}]","C55CE1CD-72B5-4186-15F8-08D7926CEEE1","4","57C9E1AD-E9E1-4C03-EB30-08DAF28E3236","Catalyst","2023-03-28 00:20:05.947983","","","0.0","18E42DBE-F9AF-4C90-9F35-DCCDCAD82B51","{""Id"":""18e42dbe-f9af-4c90-9f35-dccdcad82b51"",""Name"":""Active"",""Caption"":""Active""}","4","E04BD2D2-1A48-4EFE-8184-08DAFF1D643C","","","","e04bd2d2-1a48-4efe-8184-08daff1d643c,ab995316-ac5b-4f93-3f22-08db008453bf","[{""Id"":""e04bd2d2-1a48-4efe-8184-08daff1d643c"",""Name"":""Anthony Garcia"",""ImagePath"":null},{""Id"":""ab995316-ac5b-4f93-3f22-08db008453bf"",""Name"":""Joshua Green"",""ImagePath"":""assets/user/portrait_small.png""}]","AB995316-AC5B-4F93-3F22-08DB008453BF"
"2C23F727-211F-4948-0BFE-08DB3142454A","E y K 1998 LLC","6594 old Mill Rd","Eric.teambassett@gmail.com","Eric.teambassett@gmail.com","Stansbury Park","UT","84074","True","ab995316-ac5b-4f93-3f22-08db008453bf,aec355ea-8cc2-4c2b-33e9-08db314262b4","[{""Id"":""ab995316-ac5b-4f93-3f22-08db008453bf"",""Name"":""Joshua Green"",""ImagePath"":""assets/user/portrait_small.png""},{""Id"":""aec355ea-8cc2-4c2b-33e9-08db314262b4"",""Name"":""Eric Bassett"",""ImagePath"":""assets/user/portrait_small.png""}]","487f4a47-9ccf-42bb-d85b-08daf8a9d2b6,c6992e31-6ee2-482c-d85d-08daf8a9d2b6,a753707c-58ab-43a4-d85e-08daf8a9d2b6,ab995316-ac5b-4f93-3f22-08db008453bf,6c52524a-a942-4393-3226-08db08708fc4,4de2fc93-0afa-4b7f-3227-08db08708fc4,65d8196f-526e-40b2-b8b7-08db15fcee0f,56405cb0-f063-4086-1407-08db1e5a891c,aeac3bf4-3962-4bc0-a860-08db200229fa","[{""Id"":""487f4a47-9ccf-42bb-d85b-08daf8a9d2b6"",""Name"":""Wyatt Hite"",""ImagePath"":""assets/user/portrait_small.png""},{""Id"":""c6992e31-6ee2-482c-d85d-08daf8a9d2b6"",""Name"":""Paul Olsen"",""ImagePath"":""assets/user/portrait_small.png""},{""Id"":""a753707c-58ab-43a4-d85e-08daf8a9d2b6"",""Name"":""Jeff Gibbs"",""ImagePath"":""assets/user/portrait_small.png""},{""Id"":""ab995316-ac5b-4f93-3f22-08db008453bf"",""Name"":""Joshua Green"",""ImagePath"":""assets/user/portrait_small.png""},{""Id"":""6c52524a-a942-4393-3226-08db08708fc4"",""Name"":""Christina Jackson"",""ImagePath"":""assets/user/portrait_small.png""},{""Id"":""4de2fc93-0afa-4b7f-3227-08db08708fc4"",""Name"":""Nicholas Petrie"",""ImagePath"":""assets/user/portrait_small.png""},{""Id"":""65d8196f-526e-40b2-b8b7-08db15fcee0f"",""Name"":""Hudsen Christensen"",""ImagePath"":""assets/user/portrait_small.png""},{""Id"":""56405cb0-f063-4086-1407-08db1e5a891c"",""Name"":""Aaron Saisongkham"",""ImagePath"":""assets/user/portrait_small.png""},{""Id"":""aeac3bf4-3962-4bc0-a860-08db200229fa"",""Name"":""Jasmin Smith"",""ImagePath"":""assets/user/portrait_small.png""}]","C55CE1CD-72B5-4186-15F8-08D7926CEEE1","4","57C9E1AD-E9E1-4C03-EB30-08DAF28E3236","Catalyst","2023-03-30 17:35:12.028992","","","0.0","18E42DBE-F9AF-4C90-9F35-DCCDCAD82B51","{""Id"":""18e42dbe-f9af-4c90-9f35-dccdcad82b51"",""Name"":""Active"",""Caption"":""Active""}","4","E04BD2D2-1A48-4EFE-8184-08DAFF1D643C","","","","e04bd2d2-1a48-4efe-8184-08daff1d643c,ab995316-ac5b-4f93-3f22-08db008453bf","[{""Id"":""e04bd2d2-1a48-4efe-8184-08daff1d643c"",""Name"":""Anthony Garcia"",""ImagePath"":null},{""Id"":""ab995316-ac5b-4f93-3f22-08db008453bf"",""Name"":""Joshua Green"",""ImagePath"":""assets/user/portrait_small.png""}]","AB995316-AC5B-4F93-3F22-08DB008453BF"
"8B9A723E-4848-4EAA-AFDE-08DB36C369B1","Next LvL Ai","426 Commodore Ln","nextlvlai@gmail.com","nextlvlai@gmail.com","Saratoga Springs","UT","84045","True","ab995316-ac5b-4f93-3f22-08db008453bf,5fe8de04-b1e5-4d94-1343-08db36c38b1f","[{""Id"":""ab995316-ac5b-4f93-3f22-08db008453bf"",""Name"":""Joshua Green"",""ImagePath"":""assets/user/portrait_small.png""},{""Id"":""5fe8de04-b1e5-4d94-1343-08db36c38b1f"",""Name"":""Tanner  Green"",""ImagePath"":""assets/user/portrait_small.png""}]","487f4a47-9ccf-42bb-d85b-08daf8a9d2b6,c6992e31-6ee2-482c-d85d-08daf8a9d2b6,a753707c-58ab-43a4-d85e-08daf8a9d2b6,ab995316-ac5b-4f93-3f22-08db008453bf,6c52524a-a942-4393-3226-08db08708fc4,4de2fc93-0afa-4b7f-3227-08db08708fc4,65d8196f-526e-40b2-b8b7-08db15fcee0f,56405cb0-f063-4086-1407-08db1e5a891c,aeac3bf4-3962-4bc0-a860-08db200229fa","[{""Id"":""487f4a47-9ccf-42bb-d85b-08daf8a9d2b6"",""Name"":""Wyatt Hite"",""ImagePath"":""assets/user/portrait_small.png""},{""Id"":""c6992e31-6ee2-482c-d85d-08daf8a9d2b6"",""Name"":""Paul Olsen"",""ImagePath"":""assets/user/portrait_small.png""},{""Id"":""a753707c-58ab-43a4-d85e-08daf8a9d2b6"",""Name"":""Jeff Gibbs"",""ImagePath"":""assets/user/portrait_small.png""},{""Id"":""ab995316-ac5b-4f93-3f22-08db008453bf"",""Name"":""Joshua Green"",""ImagePath"":""assets/user/portrait_small.png""},{""Id"":""6c52524a-a942-4393-3226-08db08708fc4"",""Name"":""Christina Jackson"",""ImagePath"":""assets/user/portrait_small.png""},{""Id"":""4de2fc93-0afa-4b7f-3227-08db08708fc4"",""Name"":""Nicholas Petrie"",""ImagePath"":""assets/user/portrait_small.png""},{""Id"":""65d8196f-526e-40b2-b8b7-08db15fcee0f"",""Name"":""Hudsen Christensen"",""ImagePath"":""assets/user/portrait_small.png""},{""Id"":""56405cb0-f063-4086-1407-08db1e5a891c"",""Name"":""Aaron Saisongkham"",""ImagePath"":""assets/user/portrait_small.png""},{""Id"":""aeac3bf4-3962-4bc0-a860-08db200229fa"",""Name"":""Jasmin Smith"",""ImagePath"":""assets/user/portrait_small.png""}]","C55CE1CD-72B5-4186-15F8-08D7926CEEE1","6","57C9E1AD-E9E1-4C03-EB30-08DAF28E3236","Catalyst","2023-04-06 17:21:52.257557","2023-04-06 17:23:04.349355","","0.0","18E42DBE-F9AF-4C90-9F35-DCCDCAD82B51","{""Id"":""18e42dbe-f9af-4c90-9f35-dccdcad82b51"",""Name"":""Active"",""Caption"":""Active""}","4","C73CFED1-5618-45BA-8186-08DAFF1D643C","C73CFED1-5618-45BA-8186-08DAFF1D643C","","","c73cfed1-5618-45ba-8186-08daff1d643c,ab995316-ac5b-4f93-3f22-08db008453bf","[{""Id"":""c73cfed1-5618-45ba-8186-08daff1d643c"",""Name"":""Regan Daich"",""ImagePath"":null},{""Id"":""ab995316-ac5b-4f93-3f22-08db008453bf"",""Name"":""Joshua Green"",""ImagePath"":""assets/user/portrait_small.png""}]","AB995316-AC5B-4F93-3F22-08DB008453BF"
"171D3EB1-888E-486D-AFDF-08DB36C369B1","Integrity EPC Company","600 17th St. Suite 2800","corey.staley@integrityepc.com","corey.staley@integrityepc.com","Denver","CO","80202","True","ab995316-ac5b-4f93-3f22-08db008453bf,3e9940b5-edad-4d03-1344-08db36c38b1f","[{""Id"":""ab995316-ac5b-4f93-3f22-08db008453bf"",""Name"":""Joshua Green"",""ImagePath"":""assets/user/portrait_small.png""},{""Id"":""3e9940b5-edad-4d03-1344-08db36c38b1f"",""Name"":""Corey  Staley"",""ImagePath"":""assets/user/portrait_small.png""}]","487f4a47-9ccf-42bb-d85b-08daf8a9d2b6,c6992e31-6ee2-482c-d85d-08daf8a9d2b6,a753707c-58ab-43a4-d85e-08daf8a9d2b6,ab995316-ac5b-4f93-3f22-08db008453bf,6c52524a-a942-4393-3226-08db08708fc4,4de2fc93-0afa-4b7f-3227-08db08708fc4,65d8196f-526e-40b2-b8b7-08db15fcee0f,56405cb0-f063-4086-1407-08db1e5a891c,aeac3bf4-3962-4bc0-a860-08db200229fa","[{""Id"":""487f4a47-9ccf-42bb-d85b-08daf8a9d2b6"",""Name"":""Wyatt Hite"",""ImagePath"":""assets/user/portrait_small.png""},{""Id"":""c6992e31-6ee2-482c-d85d-08daf8a9d2b6"",""Name"":""Paul Olsen"",""ImagePath"":""assets/user/portrait_small.png""},{""Id"":""a753707c-58ab-43a4-d85e-08daf8a9d2b6"",""Name"":""Jeff Gibbs"",""ImagePath"":""assets/user/portrait_small.png""},{""Id"":""ab995316-ac5b-4f93-3f22-08db008453bf"",""Name"":""Joshua Green"",""ImagePath"":""assets/user/portrait_small.png""},{""Id"":""6c52524a-a942-4393-3226-08db08708fc4"",""Name"":""Christina Jackson"",""ImagePath"":""assets/user/portrait_small.png""},{""Id"":""4de2fc93-0afa-4b7f-3227-08db08708fc4"",""Name"":""Nicholas Petrie"",""ImagePath"":""assets/user/portrait_small.png""},{""Id"":""65d8196f-526e-40b2-b8b7-08db15fcee0f"",""Name"":""Hudsen Christensen"",""ImagePath"":""assets/user/portrait_small.png""},{""Id"":""56405cb0-f063-4086-1407-08db1e5a891c"",""Name"":""Aaron Saisongkham"",""ImagePath"":""assets/user/portrait_small.png""},{""Id"":""aeac3bf4-3962-4bc0-a860-08db200229fa"",""Name"":""Jasmin Smith"",""ImagePath"":""assets/user/portrait_small.png""}]","C55CE1CD-72B5-4186-15F8-08D7926CEEE1","4","57C9E1AD-E9E1-4C03-EB30-08DAF28E3236","Catalyst","2023-04-06 17:55:09.525084","2023-04-06 18:10:03.303487","","0.0","18E42DBE-F9AF-4C90-9F35-DCCDCAD82B51","{""Id"":""18e42dbe-f9af-4c90-9f35-dccdcad82b51"",""Name"":""Active"",""Caption"":""Active""}","4","C73CFED1-5618-45BA-8186-08DAFF1D643C","C73CFED1-5618-45BA-8186-08DAFF1D643C","","","c73cfed1-5618-45ba-8186-08daff1d643c,ab995316-ac5b-4f93-3f22-08db008453bf","[{""Id"":""c73cfed1-5618-45ba-8186-08daff1d643c"",""Name"":""Regan Daich"",""ImagePath"":null},{""Id"":""ab995316-ac5b-4f93-3f22-08db008453bf"",""Name"":""Joshua Green"",""ImagePath"":""assets/user/portrait_small.png""}]","AB995316-AC5B-4F93-3F22-08DB008453BF"
"39AD4EFA-D08D-459B-1CFA-08DB3D4AAAA1","Wesley Marriott","560 S 100 W STE 15","wes@gatwickgames.com","wes@gatwickgames.com","Provo","UT","84601","True","ab995316-ac5b-4f93-3f22-08db008453bf,379ddaa2-93e3-4a3b-b2b8-08db3d4ae821","[{""Id"":""ab995316-ac5b-4f93-3f22-08db008453bf"",""Name"":""Joshua Green"",""ImagePath"":""assets/user/portrait_small.png""},{""Id"":""379ddaa2-93e3-4a3b-b2b8-08db3d4ae821"",""Name"":""Wesley Marriott"",""ImagePath"":""assets/user/portrait_small.png""}]","487f4a47-9ccf-42bb-d85b-08daf8a9d2b6,c6992e31-6ee2-482c-d85d-08daf8a9d2b6,a753707c-58ab-43a4-d85e-08daf8a9d2b6,ab995316-ac5b-4f93-3f22-08db008453bf,6c52524a-a942-4393-3226-08db08708fc4,4de2fc93-0afa-4b7f-3227-08db08708fc4,65d8196f-526e-40b2-b8b7-08db15fcee0f,56405cb0-f063-4086-1407-08db1e5a891c,aeac3bf4-3962-4bc0-a860-08db200229fa","[{""Id"":""487f4a47-9ccf-42bb-d85b-08daf8a9d2b6"",""Name"":""Wyatt Hite"",""ImagePath"":""assets/user/portrait_small.png""},{""Id"":""c6992e31-6ee2-482c-d85d-08daf8a9d2b6"",""Name"":""Paul Olsen"",""ImagePath"":""assets/user/portrait_small.png""},{""Id"":""a753707c-58ab-43a4-d85e-08daf8a9d2b6"",""Name"":""Jeff Gibbs"",""ImagePath"":""assets/user/portrait_small.png""},{""Id"":""ab995316-ac5b-4f93-3f22-08db008453bf"",""Name"":""Joshua Green"",""ImagePath"":""assets/user/portrait_small.png""},{""Id"":""6c52524a-a942-4393-3226-08db08708fc4"",""Name"":""Christina Jackson"",""ImagePath"":""assets/user/portrait_small.png""},{""Id"":""4de2fc93-0afa-4b7f-3227-08db08708fc4"",""Name"":""Nicholas Petrie"",""ImagePath"":""assets/user/portrait_small.png""},{""Id"":""65d8196f-526e-40b2-b8b7-08db15fcee0f"",""Name"":""Hudsen Christensen"",""ImagePath"":""assets/user/portrait_small.png""},{""Id"":""56405cb0-f063-4086-1407-08db1e5a891c"",""Name"":""Aaron Saisongkham"",""ImagePath"":""assets/user/portrait_small.png""},{""Id"":""aeac3bf4-3962-4bc0-a860-08db200229fa"",""Name"":""Jasmin Smith"",""ImagePath"":""assets/user/portrait_small.png""}]","C55CE1CD-72B5-4186-15F8-08D7926CEEE1","4","57C9E1AD-E9E1-4C03-EB30-08DAF28E3236","Catalyst","2023-04-15 00:45:10.248193","","","0.0","18E42DBE-F9AF-4C90-9F35-DCCDCAD82B51","{""Id"":""18e42dbe-f9af-4c90-9f35-dccdcad82b51"",""Name"":""Active"",""Caption"":""Active""}","4","E04BD2D2-1A48-4EFE-8184-08DAFF1D643C","","","","e04bd2d2-1a48-4efe-8184-08daff1d643c,ab995316-ac5b-4f93-3f22-08db008453bf","[{""Id"":""e04bd2d2-1a48-4efe-8184-08daff1d643c"",""Name"":""Anthony Garcia"",""ImagePath"":""assets/user/portrait_small.png""},{""Id"":""ab995316-ac5b-4f93-3f22-08db008453bf"",""Name"":""Joshua Green"",""ImagePath"":""assets/user/portrait_small.png""}]","AB995316-AC5B-4F93-3F22-08DB008453BF"
"64BF44E8-D5F9-487E-0B8D-08DB45B7D529","Kalo Clinical Research","350 East 400 South Ste 237","b.johnson@kaloresearch.com","b.johnson@kaloresearch.com","Salt Lake City","UT","84111","True","ab995316-ac5b-4f93-3f22-08db008453bf,5272e0a3-865c-438c-971b-08db45b22b8d","[{""Id"":""ab995316-ac5b-4f93-3f22-08db008453bf"",""Name"":""Joshua Green"",""ImagePath"":""assets/user/portrait_small.png""},{""Id"":""5272e0a3-865c-438c-971b-08db45b22b8d"",""Name"":""Bella  Johnson"",""ImagePath"":""assets/user/portrait_small.png""}]","487f4a47-9ccf-42bb-d85b-08daf8a9d2b6,c6992e31-6ee2-482c-d85d-08daf8a9d2b6,a753707c-58ab-43a4-d85e-08daf8a9d2b6,ab995316-ac5b-4f93-3f22-08db008453bf,6c52524a-a942-4393-3226-08db08708fc4,4de2fc93-0afa-4b7f-3227-08db08708fc4,65d8196f-526e-40b2-b8b7-08db15fcee0f,56405cb0-f063-4086-1407-08db1e5a891c,aeac3bf4-3962-4bc0-a860-08db200229fa","[{""Id"":""487f4a47-9ccf-42bb-d85b-08daf8a9d2b6"",""Name"":""Wyatt Hite"",""ImagePath"":""assets/user/portrait_small.png""},{""Id"":""c6992e31-6ee2-482c-d85d-08daf8a9d2b6"",""Name"":""Paul Olsen"",""ImagePath"":""assets/user/portrait_small.png""},{""Id"":""a753707c-58ab-43a4-d85e-08daf8a9d2b6"",""Name"":""Jeff Gibbs"",""ImagePath"":""assets/user/portrait_small.png""},{""Id"":""ab995316-ac5b-4f93-3f22-08db008453bf"",""Name"":""Joshua Green"",""ImagePath"":""assets/user/portrait_small.png""},{""Id"":""6c52524a-a942-4393-3226-08db08708fc4"",""Name"":""Christina Jackson"",""ImagePath"":""assets/user/portrait_small.png""},{""Id"":""4de2fc93-0afa-4b7f-3227-08db08708fc4"",""Name"":""Nicholas Petrie"",""ImagePath"":""assets/user/portrait_small.png""},{""Id"":""65d8196f-526e-40b2-b8b7-08db15fcee0f"",""Name"":""Hudsen Christensen"",""ImagePath"":""assets/user/portrait_small.png""},{""Id"":""56405cb0-f063-4086-1407-08db1e5a891c"",""Name"":""Aaron Saisongkham"",""ImagePath"":""assets/user/portrait_small.png""},{""Id"":""aeac3bf4-3962-4bc0-a860-08db200229fa"",""Name"":""Jasmin Smith"",""ImagePath"":""assets/user/portrait_small.png""}]","C55CE1CD-72B5-4186-15F8-08D7926CEEE1","4","57C9E1AD-E9E1-4C03-EB30-08DAF28E3236","Catalyst","2023-04-25 18:06:46.050100","2023-04-25 18:08:55.136689","","0.0","18E42DBE-F9AF-4C90-9F35-DCCDCAD82B51","{""Id"":""18e42dbe-f9af-4c90-9f35-dccdcad82b51"",""Name"":""Active"",""Caption"":""Active""}","4","C73CFED1-5618-45BA-8186-08DAFF1D643C","C73CFED1-5618-45BA-8186-08DAFF1D643C","","","c73cfed1-5618-45ba-8186-08daff1d643c,ab995316-ac5b-4f93-3f22-08db008453bf","[{""Id"":""c73cfed1-5618-45ba-8186-08daff1d643c"",""Name"":""Regan Daich"",""ImagePath"":null},{""Id"":""ab995316-ac5b-4f93-3f22-08db008453bf"",""Name"":""Joshua Green"",""ImagePath"":""assets/user/portrait_small.png""}]","AB995316-AC5B-4F93-3F22-08DB008453BF"
"C5A8D283-02BD-40F9-0B8E-08DB45B7D529","Funds Connected Inc","3390 w 4400 s","ronnastephens1@gmail.com","ronnastephens1@gmail.com","west valley city","UT","84119","True","ab995316-ac5b-4f93-3f22-08db008453bf,5eb4fc0a-6d29-401b-971c-08db45b22b8d","[{""Id"":""ab995316-ac5b-4f93-3f22-08db008453bf"",""Name"":""Joshua Green"",""ImagePath"":""assets/user/portrait_small.png""},{""Id"":""5eb4fc0a-6d29-401b-971c-08db45b22b8d"",""Name"":""Ronna L.  Stephens"",""ImagePath"":""assets/user/portrait_small.png""}]","487f4a47-9ccf-42bb-d85b-08daf8a9d2b6,c6992e31-6ee2-482c-d85d-08daf8a9d2b6,a753707c-58ab-43a4-d85e-08daf8a9d2b6,ab995316-ac5b-4f93-3f22-08db008453bf,6c52524a-a942-4393-3226-08db08708fc4,4de2fc93-0afa-4b7f-3227-08db08708fc4,65d8196f-526e-40b2-b8b7-08db15fcee0f,56405cb0-f063-4086-1407-08db1e5a891c,aeac3bf4-3962-4bc0-a860-08db200229fa","[{""Id"":""487f4a47-9ccf-42bb-d85b-08daf8a9d2b6"",""Name"":""Wyatt Hite"",""ImagePath"":""assets/user/portrait_small.png""},{""Id"":""c6992e31-6ee2-482c-d85d-08daf8a9d2b6"",""Name"":""Paul Olsen"",""ImagePath"":""assets/user/portrait_small.png""},{""Id"":""a753707c-58ab-43a4-d85e-08daf8a9d2b6"",""Name"":""Jeff Gibbs"",""ImagePath"":""assets/user/portrait_small.png""},{""Id"":""ab995316-ac5b-4f93-3f22-08db008453bf"",""Name"":""Joshua Green"",""ImagePath"":""assets/user/portrait_small.png""},{""Id"":""6c52524a-a942-4393-3226-08db08708fc4"",""Name"":""Christina Jackson"",""ImagePath"":""assets/user/portrait_small.png""},{""Id"":""4de2fc93-0afa-4b7f-3227-08db08708fc4"",""Name"":""Nicholas Petrie"",""ImagePath"":""assets/user/portrait_small.png""},{""Id"":""65d8196f-526e-40b2-b8b7-08db15fcee0f"",""Name"":""Hudsen Christensen"",""ImagePath"":""assets/user/portrait_small.png""},{""Id"":""56405cb0-f063-4086-1407-08db1e5a891c"",""Name"":""Aaron Saisongkham"",""ImagePath"":""assets/user/portrait_small.png""},{""Id"":""aeac3bf4-3962-4bc0-a860-08db200229fa"",""Name"":""Jasmin Smith"",""ImagePath"":""assets/user/portrait_small.png""}]","C55CE1CD-72B5-4186-15F8-08D7926CEEE1","2","57C9E1AD-E9E1-4C03-EB30-08DAF28E3236","Catalyst","2023-04-25 18:19:00.784978","2023-04-25 18:21:25.632087","","0.0","18E42DBE-F9AF-4C90-9F35-DCCDCAD82B51","{""Id"":""18e42dbe-f9af-4c90-9f35-dccdcad82b51"",""Name"":""Active"",""Caption"":""Active""}","3","C73CFED1-5618-45BA-8186-08DAFF1D643C","C73CFED1-5618-45BA-8186-08DAFF1D643C","","","c73cfed1-5618-45ba-8186-08daff1d643c","[{""Id"":""c73cfed1-5618-45ba-8186-08daff1d643c"",""Name"":""Regan Daich"",""ImagePath"":null}]","AB995316-AC5B-4F93-3F22-08DB008453BF"
