"Id","TaskId","CreatedAt","UpdatedAt","Message","IsDeleted","CreatedById","CompletePercent","ProjectId","PreviousPercent","IsModified","ModifiedBy","IsCreated","IsDeletedNotication","OtherUpdates","IsAddedUser","IsRemovedUser","UsersHistory","ProgressMessage","ActivityLogType"
"4F2390E8-4D7F-49EF-F2F4-08DB001C8F68","","2023-01-27 16:31:31.954101","0001-01-01 00:00:00","<b>Amber Houk</b> created project <b>Gatemaster Technology Corporation Inc-General</b>.","False","DA6AC379-A8D7-4507-8182-08DAFF1D643C","0","BF2ADD7E-05B0-4EDD-9E78-18CBD8465C97","0","False","00000000-0000-0000-0000-000000000000","False","False","False","False","False","","","12"
"340ED4F2-F414-490A-F2F5-08DB001C8F68","FCA5580D-BD69-4930-ACDC-34F89228ECBB","2023-01-27 16:31:32.135282","0001-01-01 00:00:00","","False","DA6AC379-A8D7-4507-8182-08DAFF1D643C","0","BF2ADD7E-05B0-4EDD-9E78-18CBD8465C97","0","False","00000000-0000-0000-0000-000000000000","True","False","False","False","False","","","6"
"2AAADF45-EDB2-4704-F2FD-08DB001C8F68","","2023-01-27 16:36:39.738595","0001-01-01 00:00:00","<b>Amber Houk</b> created project <b>NCF Corporate - Catalyst-General</b>.","False","DA6AC379-A8D7-4507-8182-08DAFF1D643C","0","D5A4CD3B-38A8-4BB2-A20D-8029A494860E","0","False","00000000-0000-0000-0000-000000000000","False","False","False","False","False","","","12"
"E1C47143-C07B-45D5-F2FE-08DB001C8F68","CCDE37E8-5028-42C0-96DE-2769BFAE8B21","2023-01-27 16:36:39.942098","0001-01-01 00:00:00","","False","DA6AC379-A8D7-4507-8182-08DAFF1D643C","0","D5A4CD3B-38A8-4BB2-A20D-8029A494860E","0","False","00000000-0000-0000-0000-000000000000","True","False","False","False","False","","","6"
"FB6601F0-D6F1-42C5-F30D-08DB001C8F68","","2023-01-27 16:39:14.555947","0001-01-01 00:00:00","<b>Amber Houk</b> created project <b>New Ascent Inc-General</b>.","False","DA6AC379-A8D7-4507-8182-08DAFF1D643C","0","DC1189F1-9D2C-4957-9B89-A8F8F6788BA6","0","False","00000000-0000-0000-0000-000000000000","False","False","False","False","False","","","12"
"2F359A16-BEE4-447E-F30E-08DB001C8F68","73CD680E-3297-4294-A0D5-AE9B8A4895C1","2023-01-27 16:39:14.708224","0001-01-01 00:00:00","","False","DA6AC379-A8D7-4507-8182-08DAFF1D643C","0","DC1189F1-9D2C-4957-9B89-A8F8F6788BA6","0","False","00000000-0000-0000-0000-000000000000","True","False","False","False","False","","","6"
"39806F64-5E1D-46B8-F31E-08DB001C8F68","","2023-01-27 16:45:05.549300","0001-01-01 00:00:00","<b>Amber Houk</b> created project <b>OFS Interiors-General</b>.","False","DA6AC379-A8D7-4507-8182-08DAFF1D643C","0","E7D70478-BB65-46B8-BCE7-99AD060BA73E","0","False","00000000-0000-0000-0000-000000000000","False","False","False","False","False","","","12"
"3D27655A-7024-4F5B-F31F-08DB001C8F68","9F843E29-F448-4D51-BC98-CDD311787FE9","2023-01-27 16:45:05.708715","0001-01-01 00:00:00","","False","DA6AC379-A8D7-4507-8182-08DAFF1D643C","0","E7D70478-BB65-46B8-BCE7-99AD060BA73E","0","False","00000000-0000-0000-0000-000000000000","True","False","False","False","False","","","6"
"A169CDFB-3FCC-4F9A-F323-08DB001C8F68","","2023-01-27 16:53:49.863941","0001-01-01 00:00:00","<b>Amber Houk</b> created project <b>Scalability - Catalyst-General</b>.","False","DA6AC379-A8D7-4507-8182-08DAFF1D643C","0","2DB392CA-6086-4A66-9F9C-CCE07FEEBCD7","0","False","00000000-0000-0000-0000-000000000000","False","False","False","False","False","","","12"
"E271E1E0-6432-4748-F324-08DB001C8F68","2E937D1F-BBA8-4418-AD04-DBE2C8E79E5E","2023-01-27 16:53:50.030572","0001-01-01 00:00:00","","False","DA6AC379-A8D7-4507-8182-08DAFF1D643C","0","2DB392CA-6086-4A66-9F9C-CCE07FEEBCD7","0","False","00000000-0000-0000-0000-000000000000","True","False","False","False","False","","","6"
"467165D9-555E-4D56-FF2E-08DB02E3EC0C","","2023-01-30 22:51:31.174753","0001-01-01 00:00:00","<b>Anthony Garcia</b> created project <b>SB Yab Co LLC-General</b>.","False","E04BD2D2-1A48-4EFE-8184-08DAFF1D643C","0","02551BC4-CA63-4BE4-A6FF-B2C88F245AAF","0","False","00000000-0000-0000-0000-000000000000","False","False","False","False","False","","","12"
"6F2EE3DB-AB11-496B-FF2F-08DB02E3EC0C","5104DA74-D1D6-431A-AD51-7E807B06B284","2023-01-30 22:51:31.387412","0001-01-01 00:00:00","","False","E04BD2D2-1A48-4EFE-8184-08DAFF1D643C","0","02551BC4-CA63-4BE4-A6FF-B2C88F245AAF","0","False","00000000-0000-0000-0000-000000000000","True","False","False","False","False","","","6"
"C06F0906-61C7-48C7-8ED0-08DB0315E3AC","","2023-01-30 23:13:40.442624","0001-01-01 00:00:00","<b>Anthony Garcia</b> created project <b>GRACE NPC-General</b>.","False","E04BD2D2-1A48-4EFE-8184-08DAFF1D643C","0","337C79B2-69F8-48A1-A200-B1206F0825F1","0","False","00000000-0000-0000-0000-000000000000","False","False","False","False","False","","","12"
"8D96E03E-D281-44D3-8ED1-08DB0315E3AC","B6CC41EF-9FD1-4DF0-8BA9-7E21B0A17541","2023-01-30 23:13:40.671292","0001-01-01 00:00:00","","False","E04BD2D2-1A48-4EFE-8184-08DAFF1D643C","0","337C79B2-69F8-48A1-A200-B1206F0825F1","0","False","00000000-0000-0000-0000-000000000000","True","False","False","False","False","","","6"
"3E4BA130-D28A-4481-8EE1-08DB0315E3AC","","2023-01-30 23:45:48.191062","0001-01-01 00:00:00","<b>Anthony Garcia</b> created project <b>Lloyd Jennings-General</b>.","False","E04BD2D2-1A48-4EFE-8184-08DAFF1D643C","0","1B892DB3-4FA5-4221-861C-45DBD43B2388","0","False","00000000-0000-0000-0000-000000000000","False","False","False","False","False","","","12"
"529F5F02-DABB-47FE-8EE2-08DB0315E3AC","1BF82115-6002-4A57-91AB-C0B1DF2CC00B","2023-01-30 23:45:48.627304","0001-01-01 00:00:00","","False","E04BD2D2-1A48-4EFE-8184-08DAFF1D643C","0","1B892DB3-4FA5-4221-861C-45DBD43B2388","0","False","00000000-0000-0000-0000-000000000000","True","False","False","False","False","","","6"
"41F08A9D-0B7B-4CF7-BDC5-08DB03AD23B2","","2023-01-31 17:56:56.209112","0001-01-01 00:00:00","<b>Joshua Green</b> created project <b>Review of MLC Cultural Assessment Report</b>.","False","AB995316-AC5B-4F93-3F22-08DB008453BF","0","A2061B0B-107C-498B-8DB1-E2CBE3E36A49","0","False","00000000-0000-0000-0000-000000000000","False","False","False","False","False","","","12"
"527020E8-4D01-429D-BDC6-08DB03AD23B2","4A6DD117-C805-4B8E-9A10-8372C5A033DC","2023-01-31 17:57:56.355321","0001-01-01 00:00:00","","False","AB995316-AC5B-4F93-3F22-08DB008453BF","0","A2061B0B-107C-498B-8DB1-E2CBE3E36A49","0","False","00000000-0000-0000-0000-000000000000","True","False","False","False","False","","","6"
"7522486C-263B-4DB0-BDC9-08DB03AD23B2","9A0408D9-6F63-4CF6-8241-4018E87AD0DA","2023-01-31 17:59:47.130690","0001-01-01 00:00:00","","False","AB995316-AC5B-4F93-3F22-08DB008453BF","0","A2061B0B-107C-498B-8DB1-E2CBE3E36A49","0","False","00000000-0000-0000-0000-000000000000","True","False","False","False","False","","","6"
"A487BDFB-F93D-4A47-BDCB-08DB03AD23B2","A742DBA0-DC9D-40AF-B4A6-377DDC4BFA31","2023-01-31 18:00:54.895501","0001-01-01 00:00:00","","False","AB995316-AC5B-4F93-3F22-08DB008453BF","0","A2061B0B-107C-498B-8DB1-E2CBE3E36A49","0","False","00000000-0000-0000-0000-000000000000","True","False","False","False","False","","","6"
"9D320270-6B23-4D03-BDD2-08DB03AD23B2","FFFA6711-2AB2-4009-BD9E-9094E74DB14F","2023-01-31 18:08:40.488157","0001-01-01 00:00:00","","False","AB995316-AC5B-4F93-3F22-08DB008453BF","0","A2061B0B-107C-498B-8DB1-E2CBE3E36A49","0","False","00000000-0000-0000-0000-000000000000","True","False","False","False","False","","","6"
"19479783-8B3F-4AF6-BDD3-08DB03AD23B2","0CC4939B-ACBA-4EB9-BEB0-73C97352CC72","2023-01-31 18:10:06.214679","0001-01-01 00:00:00","","False","AB995316-AC5B-4F93-3F22-08DB008453BF","0","A2061B0B-107C-498B-8DB1-E2CBE3E36A49","0","False","00000000-0000-0000-0000-000000000000","True","False","False","False","False","","","6"
"B9D47FDB-E4ED-4140-BDD4-08DB03AD23B2","C8DBD142-DA0E-4DE1-BDD7-D5FCFED91D71","2023-01-31 18:12:14.643882","0001-01-01 00:00:00","","False","AB995316-AC5B-4F93-3F22-08DB008453BF","0","A2061B0B-107C-498B-8DB1-E2CBE3E36A49","0","False","00000000-0000-0000-0000-000000000000","True","False","False","False","False","","","6"
"EC6503E8-C713-4064-BDD5-08DB03AD23B2","","2023-01-31 18:14:03.538965","0001-01-01 00:00:00","<b>Joshua Green</b> created project <b>Business Transfer  J&J Estates, LLC</b>.","False","AB995316-AC5B-4F93-3F22-08DB008453BF","0","F31C5AC3-21C4-4D8C-B999-6BBB363B3083","0","False","00000000-0000-0000-0000-000000000000","False","False","False","False","False","","","12"
"840DD9CD-5ED8-49FD-BDD6-08DB03AD23B2","6D691E4D-3E02-4AEB-9B35-6C12BD836BE9","2023-01-31 18:14:37.915917","0001-01-01 00:00:00","","False","AB995316-AC5B-4F93-3F22-08DB008453BF","0","F31C5AC3-21C4-4D8C-B999-6BBB363B3083","0","False","00000000-0000-0000-0000-000000000000","True","False","False","False","False","","","6"
"C64354A3-EC50-4F98-BDD7-08DB03AD23B2","C066108D-51D5-4CD7-A806-5DD13A5AF549","2023-01-31 18:15:31.753851","0001-01-01 00:00:00","","False","AB995316-AC5B-4F93-3F22-08DB008453BF","0","F31C5AC3-21C4-4D8C-B999-6BBB363B3083","0","False","00000000-0000-0000-0000-000000000000","True","False","False","False","False","","","6"
"5850440C-0B9F-4934-BDD8-08DB03AD23B2","644C66B7-2CFA-4AA7-9ACC-1D7F22B9B9EC","2023-01-31 18:16:03.108746","0001-01-01 00:00:00","","False","AB995316-AC5B-4F93-3F22-08DB008453BF","0","F31C5AC3-21C4-4D8C-B999-6BBB363B3083","0","False","00000000-0000-0000-0000-000000000000","True","False","False","False","False","","","6"
"47F9942C-4B34-43DE-BDD9-08DB03AD23B2","","2023-01-31 18:17:38.870377","0001-01-01 00:00:00","<b>Joshua Green</b> created project <b>SLC Psych Lease Review</b>.","False","AB995316-AC5B-4F93-3F22-08DB008453BF","0","C0F3A67A-FB91-43EE-935A-6E1103BC8195","0","False","00000000-0000-0000-0000-000000000000","False","False","False","False","False","","","12"
"EF220F4C-79D3-4CDD-BDDA-08DB03AD23B2","A59F7075-21BF-4CF4-BCCD-9F390A6CF0C2","2023-01-31 18:18:20.563854","0001-01-01 00:00:00","","False","AB995316-AC5B-4F93-3F22-08DB008453BF","0","C0F3A67A-FB91-43EE-935A-6E1103BC8195","0","False","00000000-0000-0000-0000-000000000000","True","False","False","False","False","","","6"
"EB8A4EB0-EE9D-4066-BDDB-08DB03AD23B2","82DAD160-4C90-4D59-B923-BFBB89106754","2023-01-31 18:19:05.566457","0001-01-01 00:00:00","","False","AB995316-AC5B-4F93-3F22-08DB008453BF","0","C0F3A67A-FB91-43EE-935A-6E1103BC8195","0","False","00000000-0000-0000-0000-000000000000","True","False","False","False","False","","","6"
"E186AF25-A8B0-4A66-BDDC-08DB03AD23B2","","2023-01-31 18:21:04.593151","0001-01-01 00:00:00","<b>Joshua Green</b> created project <b>NCF Corporate cleanup of Entities</b>.","False","AB995316-AC5B-4F93-3F22-08DB008453BF","0","CB870CAD-4D9B-4686-99A1-6F3BC6E862EB","0","False","00000000-0000-0000-0000-000000000000","False","False","False","False","False","","","12"
"E077F964-C1E6-4490-4606-08DB04904462","E34A2BEB-3FC8-4A76-B8D9-8D2DE7D293EE","2023-02-01 20:16:33.293001","0001-01-01 00:00:00","","False","AB995316-AC5B-4F93-3F22-08DB008453BF","0","C0F3A67A-FB91-43EE-935A-6E1103BC8195","0","False","00000000-0000-0000-0000-000000000000","True","False","False","False","False","","","6"
"4A384DB5-8B5D-445C-D38A-08DB05FBC128","5B34BF41-78E0-4374-A8B6-F9041E50CB41","2023-02-03 16:17:13.855574","0001-01-01 00:00:00","","False","AB995316-AC5B-4F93-3F22-08DB008453BF","0","F31C5AC3-21C4-4D8C-B999-6BBB363B3083","0","False","00000000-0000-0000-0000-000000000000","True","False","False","False","False","","","6"
"B7549EE3-5B0A-4653-FC69-08DB062C4BE3","","2023-02-03 21:35:51.740360","0001-01-01 00:00:00","<b>Joshua Green</b> created project <b>OFS Rebate Program</b>.","False","AB995316-AC5B-4F93-3F22-08DB008453BF","0","E7F1918A-559C-4D8A-B622-601125F68CCA","0","False","00000000-0000-0000-0000-000000000000","False","False","False","False","False","","","12"
"8AF07771-7C54-422B-FC6B-08DB062C4BE3","5AF6D44B-1BBE-44F3-A815-23969A3597BB","2023-02-03 21:36:37.265675","0001-01-01 00:00:00","","False","AB995316-AC5B-4F93-3F22-08DB008453BF","0","E7F1918A-559C-4D8A-B622-601125F68CCA","0","False","00000000-0000-0000-0000-000000000000","True","False","False","False","False","","","6"
"AFAD7CAA-DDB9-435A-6D11-08DB098B076D","C6562404-512C-47E3-BB67-45B3E1D54082","2023-02-08 14:27:13.017610","0001-01-01 00:00:00","","False","AB995316-AC5B-4F93-3F22-08DB008453BF","0","F31C5AC3-21C4-4D8C-B999-6BBB363B3083","0","False","00000000-0000-0000-0000-000000000000","True","False","False","False","False","","","6"
"51C1A01B-6A18-4A55-6D12-08DB098B076D","CD2579A6-56E5-4CE7-A2B6-FA28903EBE63","2023-02-08 14:29:41.340096","0001-01-01 00:00:00","","False","AB995316-AC5B-4F93-3F22-08DB008453BF","0","F31C5AC3-21C4-4D8C-B999-6BBB363B3083","0","False","00000000-0000-0000-0000-000000000000","True","False","False","False","False","","","6"
"86F7BEE2-146A-4785-3266-08DB09E95E72","1A5A752F-EFBC-4B51-B6C0-D95A6618A111","2023-02-08 15:36:19.731205","0001-01-01 00:00:00","","False","AB995316-AC5B-4F93-3F22-08DB008453BF","0","F31C5AC3-21C4-4D8C-B999-6BBB363B3083","0","False","00000000-0000-0000-0000-000000000000","True","False","False","False","False","","","6"
"F0DB670D-25E0-4235-3267-08DB09E95E72","B6B5FDC5-7D90-4131-B6AD-86B2EF7FF803","2023-02-08 15:37:27.143814","0001-01-01 00:00:00","","False","AB995316-AC5B-4F93-3F22-08DB008453BF","0","F31C5AC3-21C4-4D8C-B999-6BBB363B3083","0","False","00000000-0000-0000-0000-000000000000","True","False","False","False","False","","","6"
"5501C189-1B6C-477E-8DD8-08DB0AD02493","4DAEEDD9-94A1-4C3B-95B1-6DBC8EB51316","2023-02-09 20:31:26.026459","0001-01-01 00:00:00","","False","AB995316-AC5B-4F93-3F22-08DB008453BF","0","7C08253C-DB69-4113-A4D4-86639EAF0155","0","False","00000000-0000-0000-0000-000000000000","True","False","False","False","False","","","6"
"703D95C1-AE9E-473B-8DD9-08DB0AD02493","5330B600-2130-4643-ACB9-32A908B170D4","2023-02-09 20:32:07.072391","0001-01-01 00:00:00","","False","AB995316-AC5B-4F93-3F22-08DB008453BF","0","F31C5AC3-21C4-4D8C-B999-6BBB363B3083","0","False","00000000-0000-0000-0000-000000000000","True","False","False","False","False","","","6"
"FC254D55-0CD1-4E18-8E00-08DB0AD02493","1EF75510-C92C-4366-8D7C-9A0F8BB48BC3","2023-02-09 22:31:09.277759","0001-01-01 00:00:00","","False","E04BD2D2-1A48-4EFE-8184-08DAFF1D643C","0","46D2F67D-8862-418F-87D0-850BDDDED099","0","False","00000000-0000-0000-0000-000000000000","True","False","False","False","False","","","6"
"DF8521EB-2D07-41FB-9D69-08DB0DB83535","FF8128BF-E23C-4C15-850D-3B024052D367","2023-02-13 16:35:56.945189","0001-01-01 00:00:00","","False","AB995316-AC5B-4F93-3F22-08DB008453BF","0","46D2F67D-8862-418F-87D0-850BDDDED099","0","False","00000000-0000-0000-0000-000000000000","True","False","False","False","False","","","6"
"B5FFFA4A-6D70-4EC8-9D6A-08DB0DB83535","2703D289-6B26-48BE-84B6-3F1426D4AE21","2023-02-13 16:36:47.708880","0001-01-01 00:00:00","","False","AB995316-AC5B-4F93-3F22-08DB008453BF","0","46D2F67D-8862-418F-87D0-850BDDDED099","0","False","00000000-0000-0000-0000-000000000000","True","False","False","False","False","","","6"
"0EE62865-A1E4-44ED-9D6B-08DB0DB83535","82802719-F8D7-4917-9255-36132CFE8CD6","2023-02-13 16:37:23.911411","0001-01-01 00:00:00","","False","AB995316-AC5B-4F93-3F22-08DB008453BF","0","46D2F67D-8862-418F-87D0-850BDDDED099","0","False","00000000-0000-0000-0000-000000000000","True","False","False","False","False","","","6"
"F563907B-7318-44BE-9D6E-08DB0DB83535","55DCE6EF-FBC2-47FA-84D4-F85686A3C0FA","2023-02-13 16:40:05.286603","0001-01-01 00:00:00","","False","AB995316-AC5B-4F93-3F22-08DB008453BF","0","5B5756F3-556B-4C86-A1FF-CE7890235C55","0","False","00000000-0000-0000-0000-000000000000","True","False","False","False","False","","","6"
"A04F5873-09A6-48B4-9D70-08DB0DB83535","43C6A09E-E5CA-402C-923B-2761F19050F0","2023-02-13 16:40:58.864515","0001-01-01 00:00:00","","False","AB995316-AC5B-4F93-3F22-08DB008453BF","0","5B5756F3-556B-4C86-A1FF-CE7890235C55","0","False","00000000-0000-0000-0000-000000000000","True","False","False","False","False","","","6"
"8FDE0FDB-0352-4692-9D72-08DB0DB83535","88E15648-9042-4A32-918A-BBF3054E6AD4","2023-02-13 16:42:00.138905","0001-01-01 00:00:00","","False","AB995316-AC5B-4F93-3F22-08DB008453BF","0","5B5756F3-556B-4C86-A1FF-CE7890235C55","0","False","00000000-0000-0000-0000-000000000000","True","False","False","False","False","","","6"
"49D3821F-FD34-4E6B-9D74-08DB0DB83535","68CA5282-B3C9-4B0D-A070-B5339629E6AD","2023-02-13 16:42:43.579643","0001-01-01 00:00:00","","False","AB995316-AC5B-4F93-3F22-08DB008453BF","0","5B5756F3-556B-4C86-A1FF-CE7890235C55","0","False","00000000-0000-0000-0000-000000000000","True","False","False","False","False","","","6"
"61782F8B-E0E5-4FFF-9D75-08DB0DB83535","C97F5ECB-3435-4296-BBBF-E67444E7B871","2023-02-13 16:44:31.732898","0001-01-01 00:00:00","","False","AB995316-AC5B-4F93-3F22-08DB008453BF","0","6E27E2FE-A4BB-410F-B3BE-B6ACC519CE72","0","False","00000000-0000-0000-0000-000000000000","True","False","False","False","False","","","6"
"0F49847D-3C6C-4DE8-3374-08DB106274DC","F66E6046-63A3-423D-B7B5-2BFDD551487C","2023-02-16 21:35:04.686269","0001-01-01 00:00:00","","False","C73CFED1-5618-45BA-8186-08DAFF1D643C","0","ABF6C30A-82A4-4FAB-A59F-6D23F61F3D28","0","False","00000000-0000-0000-0000-000000000000","True","False","False","False","False","","","6"
"8D74D4AD-4C41-4C21-3382-08DB106274DC","CDD611E3-CDAE-4DBF-9B07-E7AA0FCB999A","2023-02-16 22:02:58.352346","0001-01-01 00:00:00","","False","AB995316-AC5B-4F93-3F22-08DB008453BF","0","9396D4BA-57F6-4651-BB0F-5A7F5D1717ED","0","False","00000000-0000-0000-0000-000000000000","True","False","False","False","False","","","6"
"55CB9207-4655-4A82-3384-08DB106274DC","149A09B3-0E22-4256-883D-1A4FEDBD995B","2023-02-16 22:03:47.084935","0001-01-01 00:00:00","","False","AB995316-AC5B-4F93-3F22-08DB008453BF","0","9396D4BA-57F6-4651-BB0F-5A7F5D1717ED","0","False","00000000-0000-0000-0000-000000000000","True","False","False","False","False","","","6"
"EB61901A-83EC-4609-3385-08DB106274DC","82755C1B-B8DC-4448-9CA4-A9E2A2AF7B92","2023-02-16 22:04:25.773119","0001-01-01 00:00:00","","False","AB995316-AC5B-4F93-3F22-08DB008453BF","0","9396D4BA-57F6-4651-BB0F-5A7F5D1717ED","0","False","00000000-0000-0000-0000-000000000000","True","False","False","False","False","","","6"
"63173498-740E-4882-3387-08DB106274DC","8B27B89B-5571-4949-9183-66AF27A49377","2023-02-16 22:05:07.643633","0001-01-01 00:00:00","","False","AB995316-AC5B-4F93-3F22-08DB008453BF","0","9396D4BA-57F6-4651-BB0F-5A7F5D1717ED","0","False","00000000-0000-0000-0000-000000000000","True","False","False","False","False","","","6"
"4F4C5C95-67A0-4793-3392-08DB106274DC","9E6C498F-F6EE-41F5-BC98-C6D95AA480CE","2023-02-16 22:21:32.999782","0001-01-01 00:00:00","","False","E04BD2D2-1A48-4EFE-8184-08DAFF1D643C","0","3F3B27E0-EDC5-410B-9FF3-7D7EEC4C8647","0","False","00000000-0000-0000-0000-000000000000","True","False","False","False","False","","","6"
"1A16C584-59B8-44ED-FBB3-08DB10FB9BEB","1BFA7736-F5C9-4917-8410-65E54A75C559","2023-02-17 16:02:00.100419","0001-01-01 00:00:00","","False","AB995316-AC5B-4F93-3F22-08DB008453BF","0","9396D4BA-57F6-4651-BB0F-5A7F5D1717ED","0","False","00000000-0000-0000-0000-000000000000","True","False","False","False","False","","","6"
"4F831D7C-27CC-4973-FBB4-08DB10FB9BEB","61AE932A-F2D4-4CE3-AE3E-C91C2A5F8B6D","2023-02-17 16:02:35.027222","0001-01-01 00:00:00","","False","AB995316-AC5B-4F93-3F22-08DB008453BF","0","9396D4BA-57F6-4651-BB0F-5A7F5D1717ED","0","False","00000000-0000-0000-0000-000000000000","True","False","False","False","False","","","6"
"6406F057-13F8-46F2-A45D-08DB112B65DC","F031C236-E142-4E7E-A67A-FD4D22C07040","2023-02-17 21:56:19.651271","0001-01-01 00:00:00","","False","E04BD2D2-1A48-4EFE-8184-08DAFF1D643C","0","C9EB631D-D66F-43EB-8D40-6FDAE7A889FB","0","False","00000000-0000-0000-0000-000000000000","True","False","False","False","False","","","6"
"D8E746D8-7806-43F4-AD9B-08DB149CEC55","38DA95F4-87CE-4A4F-8381-904437D1CD0F","2023-02-22 18:22:09.878260","0001-01-01 00:00:00","","False","AB995316-AC5B-4F93-3F22-08DB008453BF","0","9396D4BA-57F6-4651-BB0F-5A7F5D1717ED","0","False","00000000-0000-0000-0000-000000000000","True","False","False","False","False","","","6"
"D56954DA-F679-4064-F8F7-08DB158600AC","2B898127-A229-44F1-AF7D-F722007EF9B3","2023-02-23 19:50:15.425032","0001-01-01 00:00:00","","False","E04BD2D2-1A48-4EFE-8184-08DAFF1D643C","0","9316D8B1-64A2-4FE5-852E-4656C9B63963","0","False","00000000-0000-0000-0000-000000000000","True","False","False","False","False","","","6"
"9BB82115-E096-4B62-F8F9-08DB158600AC","BC1A6A1F-C887-46A5-B99C-740F6135F6FE","2023-02-23 20:09:23.983941","0001-01-01 00:00:00","","False","E04BD2D2-1A48-4EFE-8184-08DAFF1D643C","0","93C117B6-3B84-4FD0-BE3A-2B0600903B25","0","False","00000000-0000-0000-0000-000000000000","True","False","False","False","False","","","6"
"3B8183BA-EE7C-49AE-F90B-08DB158600AC","481C5F1F-FC83-4148-9C42-87BA110F9573","2023-02-23 20:36:33.642820","0001-01-01 00:00:00","","False","E04BD2D2-1A48-4EFE-8184-08DAFF1D643C","0","789F73C6-31F8-4C6D-B777-BD1B743FDD56","0","False","00000000-0000-0000-0000-000000000000","True","False","False","False","False","","","6"
"E5FD7828-58DC-403D-F90E-08DB158600AC","AE0E8CE4-0574-498A-AADD-B885A017D310","2023-02-23 20:46:58.910607","0001-01-01 00:00:00","","False","E04BD2D2-1A48-4EFE-8184-08DAFF1D643C","0","2D976FB6-F581-49D9-9675-E72644E52D78","0","False","00000000-0000-0000-0000-000000000000","True","False","False","False","False","","","6"
"AE0EB06C-3BE8-4CCB-1DDB-08DB15E27D6B","F01A5A5D-46F9-4373-B75E-3DE9669EAC5C","2023-02-23 21:11:11.279607","0001-01-01 00:00:00","","False","AB995316-AC5B-4F93-3F22-08DB008453BF","0","C7F91CBC-C1C9-4F27-B568-EC204D2F0979","0","False","00000000-0000-0000-0000-000000000000","True","False","False","False","False","","","6"
"F42F46AF-79E6-4193-1DDD-08DB15E27D6B","22DD5A43-423F-4C90-8ADA-8020485A96F0","2023-02-23 21:12:25.549763","0001-01-01 00:00:00","","False","AB995316-AC5B-4F93-3F22-08DB008453BF","0","C7F91CBC-C1C9-4F27-B568-EC204D2F0979","0","False","00000000-0000-0000-0000-000000000000","True","False","False","False","False","","","6"
"C5FB620B-1D54-4AEA-1DE1-08DB15E27D6B","97FDEF52-765E-48C7-9EE3-A62DECD71B58","2023-02-23 21:16:20.431133","0001-01-01 00:00:00","","False","AB995316-AC5B-4F93-3F22-08DB008453BF","0","A4F8111F-CB28-49A2-B2DC-A4E4B654799C","0","False","00000000-0000-0000-0000-000000000000","True","False","False","False","False","","","6"
"05704EE7-B284-414C-1DE2-08DB15E27D6B","CB961132-9EAA-4895-939E-735DE7EF70D7","2023-02-23 21:16:50.105152","0001-01-01 00:00:00","","False","AB995316-AC5B-4F93-3F22-08DB008453BF","0","A4F8111F-CB28-49A2-B2DC-A4E4B654799C","0","False","00000000-0000-0000-0000-000000000000","True","False","False","False","False","","","6"
"2FE579C4-B050-4390-6145-08DB169C0C1A","E55C63AC-D9A8-4894-BE97-E59452F95229","2023-02-24 20:05:04.303143","0001-01-01 00:00:00","","False","AB995316-AC5B-4F93-3F22-08DB008453BF","0","5B5756F3-556B-4C86-A1FF-CE7890235C55","0","False","00000000-0000-0000-0000-000000000000","True","False","False","False","False","","","6"
"E063CCDD-7613-4A59-806F-08DB190A863C","DB0EC822-681D-42A9-BD8F-E9F4D28FF6F9","2023-02-27 23:06:35.003908","0001-01-01 00:00:00","","False","E04BD2D2-1A48-4EFE-8184-08DAFF1D643C","0","844DB98F-65AD-4CBC-9DE4-334DE9A3114B","0","False","00000000-0000-0000-0000-000000000000","True","False","False","False","False","","","6"
"CC1C0491-3019-4ECA-5342-08DB1A7030DF","7A16B9FC-C3C7-42E8-9BEA-B21CA22A4CDE","2023-03-01 19:01:24.803569","0001-01-01 00:00:00","","False","E04BD2D2-1A48-4EFE-8184-08DAFF1D643C","0","E58A0B72-8B54-4495-9A28-2DBA9807B219","0","False","00000000-0000-0000-0000-000000000000","True","False","False","False","False","","","6"
"D684F6D3-6948-45EB-A20F-08DB1AB5BA8F","10F007A4-5B0A-44D4-B74C-9628779EDCF6","2023-03-02 00:45:02.792361","0001-01-01 00:00:00","","False","E04BD2D2-1A48-4EFE-8184-08DAFF1D643C","0","66CFA619-A06A-4A91-A1DC-8B08A30B7E58","0","False","00000000-0000-0000-0000-000000000000","True","False","False","False","False","","","6"
"0816D787-7B6D-47EC-A8CC-08DB1AEE5058","2EE65FC3-CFA5-4D86-BD41-3E2FBBA89A74","2023-03-02 12:27:45.872328","0001-01-01 00:00:00","","False","AB995316-AC5B-4F93-3F22-08DB008453BF","0","C7F91CBC-C1C9-4F27-B568-EC204D2F0979","0","False","00000000-0000-0000-0000-000000000000","True","False","False","False","False","","","6"
"77D155DA-DBDE-4FB7-A8CD-08DB1AEE5058","EB185AA6-2886-4881-8D54-EFA786398234","2023-03-02 12:29:11.832327","0001-01-01 00:00:00","","False","AB995316-AC5B-4F93-3F22-08DB008453BF","0","C7F91CBC-C1C9-4F27-B568-EC204D2F0979","0","False","00000000-0000-0000-0000-000000000000","True","False","False","False","False","","","6"
"C08B0D3D-8F28-40A1-A8CE-08DB1AEE5058","7711A6B7-60F4-4CCA-B546-591A63F3387D","2023-03-02 12:30:43.480986","0001-01-01 00:00:00","","False","AB995316-AC5B-4F93-3F22-08DB008453BF","0","A050837F-195E-4FA2-AB9D-B28B1479E1DA","0","False","00000000-0000-0000-0000-000000000000","True","False","False","False","False","","","6"
"14697B3F-BC1D-4E4F-3CC4-08DB1B4D57A3","99F6E840-1ABD-45BE-A1C4-ADEFFAD94E78","2023-03-02 21:05:20.029641","0001-01-01 00:00:00","","False","E04BD2D2-1A48-4EFE-8184-08DAFF1D643C","0","0BFBC0FD-E231-49D1-B5AD-FCAD43F34874","0","False","00000000-0000-0000-0000-000000000000","True","False","False","False","False","","","6"
"A4F95D53-0426-49BC-C71C-08DB1BD4C491","4F4F9553-8021-4F13-BDF1-059E39F1A3F0","2023-03-03 13:37:05.242772","0001-01-01 00:00:00","","False","AB995316-AC5B-4F93-3F22-08DB008453BF","0","C7F91CBC-C1C9-4F27-B568-EC204D2F0979","0","False","00000000-0000-0000-0000-000000000000","True","False","False","False","False","","","6"
"9CCC1800-03BA-4BF7-C71E-08DB1BD4C491","468BD48C-3FCB-49B0-938F-95DADD3B617F","2023-03-03 13:40:05.571457","0001-01-01 00:00:00","","False","AB995316-AC5B-4F93-3F22-08DB008453BF","0","0674BAFD-59ED-4952-BD5E-5D00C41BC548","0","False","00000000-0000-0000-0000-000000000000","True","False","False","False","False","","","6"
"1126C15D-A730-43A0-C71F-08DB1BD4C491","DE23B339-A084-4FDF-B48F-A991CC48F4B8","2023-03-03 13:41:05.061413","0001-01-01 00:00:00","","False","AB995316-AC5B-4F93-3F22-08DB008453BF","0","0674BAFD-59ED-4952-BD5E-5D00C41BC548","0","False","00000000-0000-0000-0000-000000000000","True","False","False","False","False","","","6"
"8FCA52C7-113B-4C7A-C720-08DB1BD4C491","8A7500D4-EA2C-40AC-998C-994DD7BC3D42","2023-03-03 13:43:05.089511","0001-01-01 00:00:00","","False","AB995316-AC5B-4F93-3F22-08DB008453BF","0","5B5756F3-556B-4C86-A1FF-CE7890235C55","0","False","00000000-0000-0000-0000-000000000000","True","False","False","False","False","","","6"
"A1F57E10-8BBB-435B-F7C1-08DB1F761040","3A85AE12-0FEC-41AB-B36E-04AD060C4C01","2023-03-08 15:35:52.366898","0001-01-01 00:00:00","","False","AB995316-AC5B-4F93-3F22-08DB008453BF","0","01BEB0C2-408C-4E65-9143-A7CDEF8382FD","0","False","00000000-0000-0000-0000-000000000000","True","False","False","False","False","","","6"
"D5C34840-28FB-474D-F7C2-08DB1F761040","188DEF30-E759-49C0-A841-C2CFCFCA64E9","2023-03-08 15:39:19.476106","0001-01-01 00:00:00","","False","AB995316-AC5B-4F93-3F22-08DB008453BF","0","01BEB0C2-408C-4E65-9143-A7CDEF8382FD","0","False","00000000-0000-0000-0000-000000000000","True","False","False","False","False","","","6"
"343397C5-DFFE-46D8-F7C3-08DB1F761040","11C446D4-7A28-4E80-A584-EEA9C9A4614B","2023-03-08 15:40:15.985757","0001-01-01 00:00:00","","False","AB995316-AC5B-4F93-3F22-08DB008453BF","0","01BEB0C2-408C-4E65-9143-A7CDEF8382FD","0","False","00000000-0000-0000-0000-000000000000","True","False","False","False","False","","","6"
"2BD2304C-EB8F-4699-F7D0-08DB1F761040","D35A9A41-64A8-42CF-9675-78B7F3340A29","2023-03-08 15:52:07.341276","0001-01-01 00:00:00","","False","AB995316-AC5B-4F93-3F22-08DB008453BF","0","9396D4BA-57F6-4651-BB0F-5A7F5D1717ED","0","False","00000000-0000-0000-0000-000000000000","True","False","False","False","False","","","6"
"10D2D886-DD54-4C8C-F7D2-08DB1F761040","F80B3ACB-0BEE-46F6-BF34-46921F9E73D8","2023-03-08 15:53:32.698200","0001-01-01 00:00:00","","False","AB995316-AC5B-4F93-3F22-08DB008453BF","0","9396D4BA-57F6-4651-BB0F-5A7F5D1717ED","0","False","00000000-0000-0000-0000-000000000000","True","False","False","False","False","","","6"
"C532130F-58A4-4B5D-AE1A-08DB1FFFE3CF","","2023-03-08 21:57:18.658171","0001-01-01 00:00:00","<b>Joshua Green</b> updated project <b>Restructure Plan Analysis</b>.","False","AB995316-AC5B-4F93-3F22-08DB008453BF","0","C7F91CBC-C1C9-4F27-B568-EC204D2F0979","0","False","00000000-0000-0000-0000-000000000000","False","False","False","False","False","","","13"
"031AED62-27EA-42CA-AE1B-08DB1FFFE3CF","CD271013-E9BD-41A2-B57E-7F62FD99FCE6","2023-03-08 21:58:35.841046","0001-01-01 00:00:00","","False","AB995316-AC5B-4F93-3F22-08DB008453BF","0","C7F91CBC-C1C9-4F27-B568-EC204D2F0979","0","False","00000000-0000-0000-0000-000000000000","True","False","False","False","False","","","6"
"626CAED6-C41B-4D17-AE1C-08DB1FFFE3CF","005B2FDA-4210-4192-8DE4-2DBADB0FB31B","2023-03-08 21:59:40.037146","0001-01-01 00:00:00","","False","AB995316-AC5B-4F93-3F22-08DB008453BF","0","C7F91CBC-C1C9-4F27-B568-EC204D2F0979","0","False","00000000-0000-0000-0000-000000000000","True","False","False","False","False","","","6"
"52385EEA-8AE1-4A94-F526-08DB202A7160","E1427027-369D-40B2-93E6-7220512D240A","2023-03-09 05:14:11.693978","0001-01-01 00:00:00","","False","AB995316-AC5B-4F93-3F22-08DB008453BF","0","C7F91CBC-C1C9-4F27-B568-EC204D2F0979","0","False","00000000-0000-0000-0000-000000000000","True","False","False","False","False","","","6"
"16FB3ECD-53EB-4176-F527-08DB202A7160","9D12E4E4-F0B6-40F3-B94C-DF9FA40F0C28","2023-03-09 05:15:12.066784","0001-01-01 00:00:00","","False","AB995316-AC5B-4F93-3F22-08DB008453BF","0","C7F91CBC-C1C9-4F27-B568-EC204D2F0979","0","False","00000000-0000-0000-0000-000000000000","True","False","False","False","False","","","6"
"2FD7F202-58D1-46BD-524D-08DB20611959","6F61AC9B-611F-4D2F-8A70-EC526EE1DA00","2023-03-09 14:50:52.860700","0001-01-01 00:00:00","","False","AB995316-AC5B-4F93-3F22-08DB008453BF","0","D9858174-1AD0-4AD9-A636-CEDB5CC5E9E0","0","False","00000000-0000-0000-0000-000000000000","True","False","False","False","False","","","6"
"7777668F-245B-49CC-9583-08DB20F4C3E5","DC7BDDA8-8748-47C6-AAD5-C9E680FEAAB9","2023-03-09 23:45:12.390277","0001-01-01 00:00:00","","False","AB995316-AC5B-4F93-3F22-08DB008453BF","0","9396D4BA-57F6-4651-BB0F-5A7F5D1717ED","0","False","00000000-0000-0000-0000-000000000000","True","False","False","False","False","","","6"
"3E572789-3F63-4368-9584-08DB20F4C3E5","9ADEEEF9-8974-443D-AAA0-EFED5123A17D","2023-03-09 23:45:46.776236","0001-01-01 00:00:00","","False","AB995316-AC5B-4F93-3F22-08DB008453BF","0","9396D4BA-57F6-4651-BB0F-5A7F5D1717ED","0","False","00000000-0000-0000-0000-000000000000","True","False","False","False","False","","","6"
"5DC7651F-C310-44C5-56EB-08DB2160F12D","89865399-D95F-4EF7-BBCF-310D585AB203","2023-03-10 17:32:18.430455","0001-01-01 00:00:00","","False","AB995316-AC5B-4F93-3F22-08DB008453BF","0","9396D4BA-57F6-4651-BB0F-5A7F5D1717ED","0","False","00000000-0000-0000-0000-000000000000","True","False","False","False","False","","","6"
"83454F30-2B8C-4CBF-ED24-08DB23C9148B","200A26F3-CD15-4FE9-B5ED-562EB51A71E2","2023-03-13 15:36:40.084748","0001-01-01 00:00:00","","False","AB995316-AC5B-4F93-3F22-08DB008453BF","0","F571B58F-3E7C-446E-A51F-6213AAAD9946","0","False","00000000-0000-0000-0000-000000000000","True","False","False","False","False","","","6"
"22475DAF-4B26-4354-ED25-08DB23C9148B","734CDC5A-7B5B-4351-A5A6-649485FEC1D0","2023-03-13 15:37:30.718842","0001-01-01 00:00:00","","False","AB995316-AC5B-4F93-3F22-08DB008453BF","0","9396D4BA-57F6-4651-BB0F-5A7F5D1717ED","0","False","00000000-0000-0000-0000-000000000000","True","False","False","False","False","","","6"
"2CDFA17A-399F-4656-EE8C-08DB24C3D0FF","89AA8BA3-8EFC-4934-80BF-7E44E564D4E6","2023-03-14 20:03:44.697352","0001-01-01 00:00:00","","False","AB995316-AC5B-4F93-3F22-08DB008453BF","0","2996A913-C1E4-42E4-BECD-3E1C3A4A346E","0","False","00000000-0000-0000-0000-000000000000","True","False","False","False","False","","","6"
"98819FD9-94D1-42F2-EE8D-08DB24C3D0FF","FDAAD50F-4CEF-4991-8520-A87228EC551F","2023-03-14 20:07:52.968411","0001-01-01 00:00:00","","False","AB995316-AC5B-4F93-3F22-08DB008453BF","0","2996A913-C1E4-42E4-BECD-3E1C3A4A346E","0","False","00000000-0000-0000-0000-000000000000","True","False","False","False","False","","","6"
"DC47683D-F052-4069-EEA2-08DB24C3D0FF","0DEDDB2B-9588-4107-8018-E49E9C28E65C","2023-03-14 21:36:35.167539","0001-01-01 00:00:00","","False","AB995316-AC5B-4F93-3F22-08DB008453BF","0","D57378C0-BC22-4589-B2B2-A97C995A1A55","0","False","00000000-0000-0000-0000-000000000000","True","False","False","False","False","","","6"
"E29D4D3A-6BBC-405B-1280-08DB24EB03C9","7A7EE7A4-3F98-429C-B37D-D506493BE605","2023-03-15 13:50:22.220609","0001-01-01 00:00:00","","False","AB995316-AC5B-4F93-3F22-08DB008453BF","0","D57378C0-BC22-4589-B2B2-A97C995A1A55","0","False","00000000-0000-0000-0000-000000000000","True","False","False","False","False","","","6"
"78E594E9-42AE-4C23-1281-08DB24EB03C9","3A347BE1-102A-40A2-A85F-D1EFF277112D","2023-03-15 13:51:54.919205","0001-01-01 00:00:00","","False","AB995316-AC5B-4F93-3F22-08DB008453BF","0","D57378C0-BC22-4589-B2B2-A97C995A1A55","0","False","00000000-0000-0000-0000-000000000000","True","False","False","False","False","","","6"
"65D1F58F-C3E5-4437-12A6-08DB24EB03C9","465D41A7-6630-4106-ABF5-1020426F4442","2023-03-15 16:36:13.990786","0001-01-01 00:00:00","","False","AB995316-AC5B-4F93-3F22-08DB008453BF","0","C0F3A67A-FB91-43EE-935A-6E1103BC8195","0","False","00000000-0000-0000-0000-000000000000","True","False","False","False","False","","","6"
"E490F662-2106-4530-12A7-08DB24EB03C9","26809122-4ABA-4E3C-BEF6-0D2AF38EFE89","2023-03-15 16:37:11.018906","0001-01-01 00:00:00","","False","AB995316-AC5B-4F93-3F22-08DB008453BF","0","C0F3A67A-FB91-43EE-935A-6E1103BC8195","0","False","00000000-0000-0000-0000-000000000000","True","False","False","False","False","","","6"
"62DE378A-10BF-44A1-3CA9-08DB2579CD9F","191B48F0-75E2-4E84-B381-D92A2164244F","2023-03-15 20:04:38.462727","0001-01-01 00:00:00","","False","AB995316-AC5B-4F93-3F22-08DB008453BF","0","2CFB8715-921F-4225-9B4F-84C683591902","0","False","00000000-0000-0000-0000-000000000000","True","False","False","False","False","","","6"
"8A6DB746-A8A7-410E-3CAA-08DB2579CD9F","845F8809-7AAC-44B6-9E72-F458E941F7D1","2023-03-15 20:05:30.682513","0001-01-01 00:00:00","","False","AB995316-AC5B-4F93-3F22-08DB008453BF","0","D9858174-1AD0-4AD9-A636-CEDB5CC5E9E0","0","False","00000000-0000-0000-0000-000000000000","True","False","False","False","False","","","6"
"BD65DDCD-E71E-438C-3CAB-08DB2579CD9F","4EC09EC8-F425-4071-8F0B-5A1F0C673A3F","2023-03-15 20:06:35.490825","0001-01-01 00:00:00","","False","AB995316-AC5B-4F93-3F22-08DB008453BF","0","D9858174-1AD0-4AD9-A636-CEDB5CC5E9E0","0","False","00000000-0000-0000-0000-000000000000","True","False","False","False","False","","","6"
"C7F18314-A4D2-46BA-3CAC-08DB2579CD9F","FED190FE-1255-4CA6-90C8-A57E79B9A901","2023-03-15 20:07:51.529969","0001-01-01 00:00:00","","False","AB995316-AC5B-4F93-3F22-08DB008453BF","0","D9858174-1AD0-4AD9-A636-CEDB5CC5E9E0","0","False","00000000-0000-0000-0000-000000000000","True","False","False","False","False","","","6"
"F31D4F49-01B8-4AFB-3CAD-08DB2579CD9F","D7DB6E0E-CFA2-4648-B99B-86E1E23D4D19","2023-03-15 20:08:27.781427","0001-01-01 00:00:00","","False","AB995316-AC5B-4F93-3F22-08DB008453BF","0","D9858174-1AD0-4AD9-A636-CEDB5CC5E9E0","0","False","00000000-0000-0000-0000-000000000000","True","False","False","False","False","","","6"
"EB4F250F-0361-43AE-6EBD-08DB2631BECD","708474CC-FC1D-447B-B7F1-97BCD98482A3","2023-03-16 17:14:36.613130","0001-01-01 00:00:00","","False","AB995316-AC5B-4F93-3F22-08DB008453BF","0","D9858174-1AD0-4AD9-A636-CEDB5CC5E9E0","0","False","00000000-0000-0000-0000-000000000000","True","False","False","False","False","","","6"
"A949F832-F379-46E4-356B-08DB2999759D","C79EF800-4900-4EB2-98E8-BD60D26303FD","2023-03-21 02:45:06.820579","0001-01-01 00:00:00","","False","AB995316-AC5B-4F93-3F22-08DB008453BF","0","C62C700D-AC1B-419A-B0DA-25880913EEC7","0","False","00000000-0000-0000-0000-000000000000","True","False","False","False","False","","","6"
"798A9B56-5A73-4636-8DBD-08DB2A26F4CA","97B21F5D-B7F4-4155-A659-C357C0F617BA","2023-03-21 17:08:04.941374","0001-01-01 00:00:00","","False","AB995316-AC5B-4F93-3F22-08DB008453BF","0","9396D4BA-57F6-4651-BB0F-5A7F5D1717ED","0","False","00000000-0000-0000-0000-000000000000","True","False","False","False","False","","","6"
"16B573B4-BE03-47CA-8DBF-08DB2A26F4CA","D3A2B6EA-F7E1-4E07-807E-95CE8CCDD051","2023-03-21 17:20:08.565725","0001-01-01 00:00:00","","False","AB995316-AC5B-4F93-3F22-08DB008453BF","0","F31C5AC3-21C4-4D8C-B999-6BBB363B3083","0","False","00000000-0000-0000-0000-000000000000","True","False","False","False","False","","","6"
"A7FAF6BA-8026-4273-A28A-08DB2AF7F92F","F1FBD9A0-235B-4AA2-A59B-EEB0704A1391","2023-03-22 19:28:15.946686","0001-01-01 00:00:00","","False","AB995316-AC5B-4F93-3F22-08DB008453BF","0","9396D4BA-57F6-4651-BB0F-5A7F5D1717ED","0","False","00000000-0000-0000-0000-000000000000","True","False","False","False","False","","","6"
"2123ED1A-87C7-4644-A29F-08DB2AF7F92F","A466B237-B7A8-4E41-94C6-823BDB7E2DBA","2023-03-22 20:21:26.070060","0001-01-01 00:00:00","","False","AB995316-AC5B-4F93-3F22-08DB008453BF","0","D9858174-1AD0-4AD9-A636-CEDB5CC5E9E0","0","False","00000000-0000-0000-0000-000000000000","True","False","False","False","False","","","6"
"99B7D3F3-26BB-476A-3621-08DB2BC118AF","547D4D27-0602-4B5B-86B2-1688FA9594E5","2023-03-23 17:20:34.019959","0001-01-01 00:00:00","","False","AB995316-AC5B-4F93-3F22-08DB008453BF","0","2CFB8715-921F-4225-9B4F-84C683591902","0","False","00000000-0000-0000-0000-000000000000","True","False","False","False","False","","","6"
"7932889C-6C5A-46CA-3622-08DB2BC118AF","826BB583-8FA2-47ED-8C7A-8EB9C5FF8EFB","2023-03-23 17:21:29.844736","0001-01-01 00:00:00","","False","AB995316-AC5B-4F93-3F22-08DB008453BF","0","2CFB8715-921F-4225-9B4F-84C683591902","0","False","00000000-0000-0000-0000-000000000000","True","False","False","False","False","","","6"
"DE01A69A-013C-47C2-3623-08DB2BC118AF","D835CBD4-8A73-4E0E-BE1D-D02CD2787071","2023-03-23 17:25:48.219328","0001-01-01 00:00:00","","False","AB995316-AC5B-4F93-3F22-08DB008453BF","0","2CFB8715-921F-4225-9B4F-84C683591902","0","False","00000000-0000-0000-0000-000000000000","True","False","False","False","False","","","6"
"D5A81D5A-E075-4D26-8C1D-08DB2BD02BC2","525F7470-3CD3-42F4-8CDF-898B3BE6EB59","2023-03-23 22:32:16.460216","0001-01-01 00:00:00","","False","C73CFED1-5618-45BA-8186-08DAFF1D643C","0","72286980-BB30-42C5-B6AA-970264CEC306","0","False","00000000-0000-0000-0000-000000000000","True","False","False","False","False","","","6"
"C8BF3820-6498-4D80-D678-08DB2C635A0F","6B0D5C18-DF4C-4DAF-BE5D-4047DF000F3D","2023-03-24 15:19:53.056340","0001-01-01 00:00:00","","False","AB995316-AC5B-4F93-3F22-08DB008453BF","0","9396D4BA-57F6-4651-BB0F-5A7F5D1717ED","0","False","00000000-0000-0000-0000-000000000000","True","False","False","False","False","","","6"
"2748EE52-43BC-4FF3-D67D-08DB2C635A0F","BC54053E-BEF4-4D4F-8B01-80FF87CA1DCB","2023-03-24 15:24:43.925572","0001-01-01 00:00:00","","False","AB995316-AC5B-4F93-3F22-08DB008453BF","0","1BE2CE96-2A5D-4C55-BC08-EE21FF46077C","0","False","00000000-0000-0000-0000-000000000000","True","False","False","False","False","","","6"
"AD1A5E65-5767-49D6-D67E-08DB2C635A0F","25CF2177-43D9-4740-BE1F-9275DD8DF998","2023-03-24 15:28:48.625511","0001-01-01 00:00:00","","False","AB995316-AC5B-4F93-3F22-08DB008453BF","0","2DE4AA22-C03F-4386-9015-0916CD8932C2","0","False","00000000-0000-0000-0000-000000000000","True","False","False","False","False","","","6"
"97E06E95-E158-4618-D67F-08DB2C635A0F","3AE4C7CB-54C8-4EBA-98EA-3C981A4D699F","2023-03-24 15:29:25.399173","0001-01-01 00:00:00","","False","AB995316-AC5B-4F93-3F22-08DB008453BF","0","72286980-BB30-42C5-B6AA-970264CEC306","0","False","00000000-0000-0000-0000-000000000000","True","False","False","False","False","","","6"
"272CEA68-F31E-4A6E-D680-08DB2C635A0F","A822EAAA-A6F2-41BD-8E91-F0E38C89C8CB","2023-03-24 15:31:01.522394","0001-01-01 00:00:00","","False","AB995316-AC5B-4F93-3F22-08DB008453BF","0","2DE4AA22-C03F-4386-9015-0916CD8932C2","0","False","00000000-0000-0000-0000-000000000000","True","False","False","False","False","","","6"
"A6642D25-1369-42AF-D681-08DB2C635A0F","D4C44FA6-F9C1-4697-8962-D487CB762C92","2023-03-24 15:31:41.557237","0001-01-01 00:00:00","","False","AB995316-AC5B-4F93-3F22-08DB008453BF","0","2DE4AA22-C03F-4386-9015-0916CD8932C2","0","False","00000000-0000-0000-0000-000000000000","True","False","False","False","False","","","6"
"088DD20D-700A-419B-595D-08DB2EBC818F","E260783D-36F6-47DE-B42D-F9B6051FFEB8","2023-03-27 17:28:37.920702","0001-01-01 00:00:00","","False","C73CFED1-5618-45BA-8186-08DAFF1D643C","0","FF327CFB-E5A5-4EC0-A3B6-EE3358153A17","0","False","00000000-0000-0000-0000-000000000000","True","False","False","False","False","","","6"
"189AEC23-C877-4048-9E5C-08DB2EF7AA53","55CB3843-1586-46B9-AAEE-13918672DE7B","2023-03-27 19:15:45.110542","0001-01-01 00:00:00","","False","AB995316-AC5B-4F93-3F22-08DB008453BF","0","DAE7D1A2-F67E-47BD-84BE-2955171271BC","0","False","00000000-0000-0000-0000-000000000000","True","False","False","False","False","","","6"
"FBEF5866-58FF-45E4-9E5D-08DB2EF7AA53","7F4D631D-1860-4372-83D2-CEC1E0F4B4EC","2023-03-27 19:16:41.905740","0001-01-01 00:00:00","","False","AB995316-AC5B-4F93-3F22-08DB008453BF","0","DAE7D1A2-F67E-47BD-84BE-2955171271BC","0","False","00000000-0000-0000-0000-000000000000","True","False","False","False","False","","","6"
"4C15CB0A-87A2-41C6-9E87-08DB2EF7AA53","B0DE00BE-0717-4918-A34D-09A39D1055BD","2023-03-27 21:23:14.584542","0001-01-01 00:00:00","","False","AB995316-AC5B-4F93-3F22-08DB008453BF","0","2CFB8715-921F-4225-9B4F-84C683591902","0","False","00000000-0000-0000-0000-000000000000","True","False","False","False","False","","","6"
"359AEFA6-5AAD-4741-BAE9-08DB2F1AE1B7","3A2F9617-6B65-40FE-8303-950C90F306D5","2023-03-28 00:14:08.053914","0001-01-01 00:00:00","","False","E04BD2D2-1A48-4EFE-8184-08DAFF1D643C","0","2180B26A-1B1A-41EB-ADF2-A14F35C0C673","0","False","00000000-0000-0000-0000-000000000000","True","False","False","False","False","","","6"
"6F5B554F-9A98-4DB8-BAEA-08DB2F1AE1B7","52565F10-1BDB-4B6A-B006-466B8D2B424A","2023-03-28 00:20:06.244096","0001-01-01 00:00:00","","False","E04BD2D2-1A48-4EFE-8184-08DAFF1D643C","0","831E14C8-E198-4579-8CE8-F50DC61C9BEA","0","False","00000000-0000-0000-0000-000000000000","True","False","False","False","False","","","6"
"2E4E19A2-85E1-4AD1-F68F-08DB2F96B863","71A570E2-9129-49E2-967F-D5059D6CE744","2023-03-28 16:50:16.359255","0001-01-01 00:00:00","","False","AB995316-AC5B-4F93-3F22-08DB008453BF","0","2CFB8715-921F-4225-9B4F-84C683591902","0","False","00000000-0000-0000-0000-000000000000","True","False","False","False","False","","","6"
"A6BCC0D2-9DC2-41FF-F691-08DB2F96B863","118E9263-3C20-4CFE-A08A-57F5FA6DA855","2023-03-28 16:51:47.012824","0001-01-01 00:00:00","","False","AB995316-AC5B-4F93-3F22-08DB008453BF","0","9396D4BA-57F6-4651-BB0F-5A7F5D1717ED","0","False","00000000-0000-0000-0000-000000000000","True","False","False","False","False","","","6"
"BEEC52E9-38F6-4302-C2A4-08DB2FC2F950","A493B4B7-EB66-4F03-9F83-27CECA016F75","2023-03-28 22:15:23.962962","0001-01-01 00:00:00","","False","AB995316-AC5B-4F93-3F22-08DB008453BF","0","1BE2CE96-2A5D-4C55-BC08-EE21FF46077C","0","False","00000000-0000-0000-0000-000000000000","True","False","False","False","False","","","6"
"E272CDB6-D65C-402E-2AEC-08DB3063D208","A1DA8A35-30AF-4A4C-955D-2244C9A4DB7B","2023-03-29 20:24:31.799873","0001-01-01 00:00:00","","False","AB995316-AC5B-4F93-3F22-08DB008453BF","0","70EB6302-FAC7-4C10-BAB2-20B558312F52","0","False","00000000-0000-0000-0000-000000000000","True","False","False","False","False","","","6"
"1C38E370-4079-48F8-DA92-08DB31392B71","377F3B54-57E3-486A-90F9-38F7EA4D007D","2023-03-30 17:35:12.538703","0001-01-01 00:00:00","","False","E04BD2D2-1A48-4EFE-8184-08DAFF1D643C","0","1C4BB2AA-4BE9-40C8-9705-80E646B5E3AB","0","False","00000000-0000-0000-0000-000000000000","True","False","False","False","False","","","6"
"095C5D42-B55C-4224-B0A1-08DB3157C70B","DA9A77EE-9E6C-4442-A87A-C8B764E7C5B3","2023-03-30 20:23:42.629406","0001-01-01 00:00:00","","False","AB995316-AC5B-4F93-3F22-08DB008453BF","0","2CFB8715-921F-4225-9B4F-84C683591902","0","False","00000000-0000-0000-0000-000000000000","True","False","False","False","False","","","6"
"FB0F90ED-DE3E-459E-B0A2-08DB3157C70B","54CFF1F1-90C4-46E9-8907-D03F203EBB41","2023-03-30 20:24:21.609253","0001-01-01 00:00:00","","False","AB995316-AC5B-4F93-3F22-08DB008453BF","0","2CFB8715-921F-4225-9B4F-84C683591902","0","False","00000000-0000-0000-0000-000000000000","True","False","False","False","False","","","6"
"FD11A302-5FC6-441C-3423-08DB31D72D89","D5886AC7-F5F7-46D9-9A19-4DBD274FFB46","2023-03-31 14:44:52.263716","0001-01-01 00:00:00","","False","AB995316-AC5B-4F93-3F22-08DB008453BF","0","1BE2CE96-2A5D-4C55-BC08-EE21FF46077C","0","False","00000000-0000-0000-0000-000000000000","True","False","False","False","False","","","6"
"724ABE40-1DEC-4B25-42A2-08DB31F876D9","20C86B8D-3E4B-4775-A13B-A34CDE35A8E0","2023-03-31 15:44:39.524931","0001-01-01 00:00:00","","False","AB995316-AC5B-4F93-3F22-08DB008453BF","0","1BE2CE96-2A5D-4C55-BC08-EE21FF46077C","0","False","00000000-0000-0000-0000-000000000000","True","False","False","False","False","","","6"
"F2E6CFB8-40BC-461A-CD63-08DB32174ADB","3CEB06A3-A14D-49B0-A761-50E5EA286EB1","2023-03-31 18:52:38.292199","0001-01-01 00:00:00","","False","AB995316-AC5B-4F93-3F22-08DB008453BF","0","2CFB8715-921F-4225-9B4F-84C683591902","0","False","00000000-0000-0000-0000-000000000000","True","False","False","False","False","","","6"
"98518C88-8CE4-4307-CD66-08DB32174ADB","20D53F22-1CF4-479D-B16F-03127B84252E","2023-03-31 18:53:36.443718","0001-01-01 00:00:00","","False","AB995316-AC5B-4F93-3F22-08DB008453BF","0","2CFB8715-921F-4225-9B4F-84C683591902","0","False","00000000-0000-0000-0000-000000000000","True","False","False","False","False","","","6"
"FEE99D54-E86D-46FF-DBFA-08DB32271C07","66D4AB7E-A28E-4AE1-A591-2213FACDE220","2023-03-31 21:16:09.469267","0001-01-01 00:00:00","","False","AB995316-AC5B-4F93-3F22-08DB008453BF","0","DAE7D1A2-F67E-47BD-84BE-2955171271BC","0","False","00000000-0000-0000-0000-000000000000","True","False","False","False","False","","","6"
"81A3A76B-B5D2-43C7-DBFC-08DB32271C07","BB64410E-E68B-4160-8DD9-7C6CFFB3E034","2023-03-31 21:17:45.971618","0001-01-01 00:00:00","","False","AB995316-AC5B-4F93-3F22-08DB008453BF","0","9396D4BA-57F6-4651-BB0F-5A7F5D1717ED","0","False","00000000-0000-0000-0000-000000000000","True","False","False","False","False","","","6"
"DFBD58D8-1A88-4BBE-DBFE-08DB32271C07","E41FAE5A-5C7D-4F36-BF7C-F53284413336","2023-03-31 21:18:31.246262","0001-01-01 00:00:00","","False","AB995316-AC5B-4F93-3F22-08DB008453BF","0","70EB6302-FAC7-4C10-BAB2-20B558312F52","0","False","00000000-0000-0000-0000-000000000000","True","False","False","False","False","","","6"
"27FD14A7-55E7-4CF9-AA78-08DB330C7D28","05FEA195-593E-4E84-933E-70C225A142DB","2023-04-03 14:42:38.907541","0001-01-01 00:00:00","","False","AB995316-AC5B-4F93-3F22-08DB008453BF","0","E45DA13B-BAAB-4BCA-AB6A-06CDE4D33D50","0","False","00000000-0000-0000-0000-000000000000","True","False","False","False","False","","","6"
"4C4BB6D5-5DB9-4302-AA79-08DB330C7D28","35B80688-B378-4E72-A954-B392A380CFA0","2023-04-03 14:43:27.769304","0001-01-01 00:00:00","","False","AB995316-AC5B-4F93-3F22-08DB008453BF","0","E45DA13B-BAAB-4BCA-AB6A-06CDE4D33D50","0","False","00000000-0000-0000-0000-000000000000","True","False","False","False","False","","","6"
"C4FA0F19-3C27-4B3A-AA7D-08DB330C7D28","DF4478EF-9A01-45CC-B14E-C6A089302F2A","2023-04-03 14:47:09.001918","0001-01-01 00:00:00","","False","AB995316-AC5B-4F93-3F22-08DB008453BF","0","E45DA13B-BAAB-4BCA-AB6A-06CDE4D33D50","0","False","00000000-0000-0000-0000-000000000000","True","False","False","False","False","","","6"
"15A66BF1-13D2-4229-4437-08DB36C26CAD","327C657A-F879-46B3-B95F-A39F33741EBB","2023-04-06 17:21:53.154542","0001-01-01 00:00:00","","False","C73CFED1-5618-45BA-8186-08DAFF1D643C","0","9AB9387C-DD87-43AF-983E-3B42DBBD64F3","0","False","00000000-0000-0000-0000-000000000000","True","False","False","False","False","","","6"
"535CB164-EA16-439A-4455-08DB36C26CAD","3568EA06-AC13-4B81-8B06-337CA46BB3BD","2023-04-06 17:55:09.995983","0001-01-01 00:00:00","","False","C73CFED1-5618-45BA-8186-08DAFF1D643C","0","E73C37CC-C73B-4AA4-AA53-FCF1E4FE8AC0","0","False","00000000-0000-0000-0000-000000000000","True","False","False","False","False","","","6"
"547B4CDA-70B8-478A-4488-08DB36C26CAD","63ABB89B-CC5E-4450-AF6D-9E34A38BCFFC","2023-04-06 20:23:47.983616","0001-01-01 00:00:00","","False","AB995316-AC5B-4F93-3F22-08DB008453BF","0","2CFB8715-921F-4225-9B4F-84C683591902","0","False","00000000-0000-0000-0000-000000000000","True","False","False","False","False","","","6"
"41DCAA4D-A9E3-43BF-4489-08DB36C26CAD","A8AF4F6A-0C5F-407B-B19A-749C44D315EF","2023-04-06 20:24:51.641972","0001-01-01 00:00:00","","False","AB995316-AC5B-4F93-3F22-08DB008453BF","0","2CFB8715-921F-4225-9B4F-84C683591902","0","False","00000000-0000-0000-0000-000000000000","True","False","False","False","False","","","6"
"FC4048DC-353C-4BEA-448A-08DB36C26CAD","50BADCC5-41CC-47E6-987C-04B7E8188C33","2023-04-06 20:25:48.688324","0001-01-01 00:00:00","","False","AB995316-AC5B-4F93-3F22-08DB008453BF","0","1BE2CE96-2A5D-4C55-BC08-EE21FF46077C","0","False","00000000-0000-0000-0000-000000000000","True","False","False","False","False","","","6"
"56B5A043-C5A3-438D-448B-08DB36C26CAD","2E569BA8-A778-424B-8070-528C422B0E7C","2023-04-06 20:27:00.003082","0001-01-01 00:00:00","","False","AB995316-AC5B-4F93-3F22-08DB008453BF","0","70EB6302-FAC7-4C10-BAB2-20B558312F52","0","False","00000000-0000-0000-0000-000000000000","True","False","False","False","False","","","6"
"49BB0B11-A20B-414C-3780-08DB377B9758","3A2A7DBE-9648-4350-9F6E-9BE40EB205FE","2023-04-07 15:20:16.086471","0001-01-01 00:00:00","","False","AB995316-AC5B-4F93-3F22-08DB008453BF","0","1BE2CE96-2A5D-4C55-BC08-EE21FF46077C","0","False","00000000-0000-0000-0000-000000000000","True","False","False","False","False","","","6"
"845012D5-91D0-4E61-7837-08DB378D511E","5AE276DB-7BDC-458A-B75B-75C7A4F2C88C","2023-04-07 18:54:11.319434","0001-01-01 00:00:00","","False","AB995316-AC5B-4F93-3F22-08DB008453BF","0","2CFB8715-921F-4225-9B4F-84C683591902","0","False","00000000-0000-0000-0000-000000000000","True","False","False","False","False","","","6"
"0DAE1020-39C5-4CA2-4916-08DB3969DA00","50696293-5142-4736-A5FC-A159B747AA8C","2023-04-10 13:47:41.886481","0001-01-01 00:00:00","","False","AB995316-AC5B-4F93-3F22-08DB008453BF","0","844DB98F-65AD-4CBC-9DE4-334DE9A3114B","0","False","00000000-0000-0000-0000-000000000000","True","False","False","False","False","","","6"
"96A6E30F-6E7E-4FDD-4917-08DB3969DA00","D0CF1A89-4778-4098-A38F-1D70C371C8F7","2023-04-10 13:49:09.282892","0001-01-01 00:00:00","","False","AB995316-AC5B-4F93-3F22-08DB008453BF","0","2CFB8715-921F-4225-9B4F-84C683591902","0","False","00000000-0000-0000-0000-000000000000","True","False","False","False","False","","","6"
"C51A741E-249A-44B3-4918-08DB3969DA00","3FEEEE2A-6233-4F4C-A00B-C4FEE9083265","2023-04-10 13:52:25.274212","0001-01-01 00:00:00","","False","AB995316-AC5B-4F93-3F22-08DB008453BF","0","F1F4D62B-3EAE-457B-B4F7-0999238CF273","0","False","00000000-0000-0000-0000-000000000000","True","False","False","False","False","","","6"
"9AF7DE23-9C7E-4FE1-DC83-08DB39D1B6F5","35966477-630A-4992-95AF-48C2C3DE6F68","2023-04-10 19:40:07.368974","0001-01-01 00:00:00","","False","AB995316-AC5B-4F93-3F22-08DB008453BF","0","2CFB8715-921F-4225-9B4F-84C683591902","0","False","00000000-0000-0000-0000-000000000000","True","False","False","False","False","","","6"
"A6E4B833-4066-4E1F-FADC-08DB3A0B9212","F66EA5D2-24C4-4507-AD02-D3D076EF003E","2023-04-10 21:38:54.224922","0001-01-01 00:00:00","","False","AB995316-AC5B-4F93-3F22-08DB008453BF","0","70EB6302-FAC7-4C10-BAB2-20B558312F52","0","False","00000000-0000-0000-0000-000000000000","True","False","False","False","False","","","6"
"E7E6C7E5-B77B-446D-FADD-08DB3A0B9212","BA5B4127-634B-49F2-B2C4-A41502473460","2023-04-10 21:41:16.888125","0001-01-01 00:00:00","","False","AB995316-AC5B-4F93-3F22-08DB008453BF","0","FE10D7A9-E03E-4DDA-8D1A-276054A61DF4","0","False","00000000-0000-0000-0000-000000000000","True","False","False","False","False","","","6"
"C7EAAFC0-624E-4DD9-6C9B-08DB3ACAFEB9","203AA426-E3D9-4A90-9CE2-00770D9F77F0","2023-04-11 21:05:51.728391","0001-01-01 00:00:00","","False","AB995316-AC5B-4F93-3F22-08DB008453BF","0","E45DA13B-BAAB-4BCA-AB6A-06CDE4D33D50","0","False","00000000-0000-0000-0000-000000000000","True","False","False","False","False","","","6"
"7BF33318-151F-43EE-6CD3-08DB3ACAFEB9","CB34EE57-41F6-493E-90BA-D196D6D2E1B8","2023-04-11 21:28:46.187515","0001-01-01 00:00:00","","False","AB995316-AC5B-4F93-3F22-08DB008453BF","0","2CFB8715-921F-4225-9B4F-84C683591902","0","False","00000000-0000-0000-0000-000000000000","True","False","False","False","False","","","6"
"66AB0141-CA4C-4353-FFD9-08DB3B4F0EBC","9BBB1394-2D28-4D7D-B37F-79AD8FA1C337","2023-04-12 14:26:54.781730","0001-01-01 00:00:00","","False","AB995316-AC5B-4F93-3F22-08DB008453BF","0","E73C37CC-C73B-4AA4-AA53-FCF1E4FE8AC0","0","False","00000000-0000-0000-0000-000000000000","True","False","False","False","False","","","6"
"A4A0A6D0-BA00-448B-FFDF-08DB3B4F0EBC","CB22AEE6-E16A-4639-9330-1A4A00861473","2023-04-12 14:56:28.035067","0001-01-01 00:00:00","","False","AB995316-AC5B-4F93-3F22-08DB008453BF","0","FE10D7A9-E03E-4DDA-8D1A-276054A61DF4","0","False","00000000-0000-0000-0000-000000000000","True","False","False","False","False","","","6"
"15E0AC37-A255-4353-DB1A-08DB3B7ADA9D","3E83ED22-0348-42DE-95AB-2AEAC79F02A6","2023-04-12 20:11:43.898546","0001-01-01 00:00:00","","False","AB995316-AC5B-4F93-3F22-08DB008453BF","0","FE10D7A9-E03E-4DDA-8D1A-276054A61DF4","0","False","00000000-0000-0000-0000-000000000000","True","False","False","False","False","","","6"
"629A35B6-B421-480C-DB27-08DB3B7ADA9D","177149F6-3CC7-4444-A899-98AC905FA0AE","2023-04-12 21:27:39.636970","0001-01-01 00:00:00","","False","AB995316-AC5B-4F93-3F22-08DB008453BF","0","1BE2CE96-2A5D-4C55-BC08-EE21FF46077C","0","False","00000000-0000-0000-0000-000000000000","True","False","False","False","False","","","6"
"843D2029-2AC3-4895-2EAF-08DB3CF85174","4F1D5398-F52A-47EE-8505-B16BAABC4D20","2023-04-14 15:11:25.498590","0001-01-01 00:00:00","","False","AB995316-AC5B-4F93-3F22-08DB008453BF","0","9316D8B1-64A2-4FE5-852E-4656C9B63963","0","False","00000000-0000-0000-0000-000000000000","True","False","False","False","False","","","6"
"51F80FFF-77DF-493F-2EB3-08DB3CF85174","B123D13B-5BE8-4382-BD11-DCC4ED72FE22","2023-04-14 15:16:16.394744","0001-01-01 00:00:00","","False","AB995316-AC5B-4F93-3F22-08DB008453BF","0","D356DB2D-B0B5-4E55-8AD6-7DECAA9261A1","0","False","00000000-0000-0000-0000-000000000000","True","False","False","False","False","","","6"
"4279D366-5E12-4FB0-6817-08DB3D00D153","D381D727-75E5-4435-BE0E-772973E811E8","2023-04-14 16:54:34.701810","0001-01-01 00:00:00","","False","AB995316-AC5B-4F93-3F22-08DB008453BF","0","73F705B1-F25C-4760-9B10-22AAD3AA65CD","0","False","00000000-0000-0000-0000-000000000000","True","False","False","False","False","","","6"
"9FA455FA-49BD-4601-6818-08DB3D00D153","F70477B9-4F62-4176-A178-6461B1032317","2023-04-14 16:56:43.952592","0001-01-01 00:00:00","","False","AB995316-AC5B-4F93-3F22-08DB008453BF","0","5986CEB6-A1E2-4A0F-872B-D058AFD4BDC8","0","False","00000000-0000-0000-0000-000000000000","True","False","False","False","False","","","6"
"C5AC4695-E564-43B8-9009-08DB3D0B9057","CA4FA15E-DFC7-4F26-B446-B5BF54550837","2023-04-14 17:42:38.287004","0001-01-01 00:00:00","","False","AB995316-AC5B-4F93-3F22-08DB008453BF","0","9316D8B1-64A2-4FE5-852E-4656C9B63963","0","False","00000000-0000-0000-0000-000000000000","True","False","False","False","False","","","6"
"26AFAC3E-0904-4644-9037-08DB3D0B9057","06DB5AE4-2437-4EFF-A393-5D9FEE523DD0","2023-04-14 18:38:52.794620","0001-01-01 00:00:00","","False","AB995316-AC5B-4F93-3F22-08DB008453BF","0","70EB6302-FAC7-4C10-BAB2-20B558312F52","0","False","00000000-0000-0000-0000-000000000000","True","False","False","False","False","","","6"
"9AC9FA4E-815C-4E64-9038-08DB3D0B9057","B57797A1-067E-4B29-800B-FFBA9BE94BFA","2023-04-14 18:39:16.310513","0001-01-01 00:00:00","","False","AB995316-AC5B-4F93-3F22-08DB008453BF","0","70EB6302-FAC7-4C10-BAB2-20B558312F52","0","False","00000000-0000-0000-0000-000000000000","True","False","False","False","False","","","6"
"1E7135B1-DC32-467C-9039-08DB3D0B9057","FF0D4A17-0E72-4DA4-8B0C-7760FECEDDAE","2023-04-14 18:40:10.476589","0001-01-01 00:00:00","","False","AB995316-AC5B-4F93-3F22-08DB008453BF","0","70EB6302-FAC7-4C10-BAB2-20B558312F52","0","False","00000000-0000-0000-0000-000000000000","True","False","False","False","False","","","6"
"8BF488AA-75D8-425F-1F80-08DB3D35BA9D","29908894-2488-4878-8F72-B987293567C1","2023-04-15 00:45:10.946943","0001-01-01 00:00:00","","False","E04BD2D2-1A48-4EFE-8184-08DAFF1D643C","0","A279EF4F-67AC-4097-85D8-BF8575100CC6","0","False","00000000-0000-0000-0000-000000000000","True","False","False","False","False","","","6"
"0EE9117E-64AE-45BE-B199-08DB3F2B07C5","4B88AAE1-A3B5-46AD-BB47-2D5958395A3B","2023-04-17 15:18:24.065833","0001-01-01 00:00:00","","False","AB995316-AC5B-4F93-3F22-08DB008453BF","0","54393067-C438-42F9-B942-EF3CFD5D3933","0","False","00000000-0000-0000-0000-000000000000","True","False","False","False","False","","","6"
"CFD41220-9288-4CEF-B19A-08DB3F2B07C5","1CE983AA-BACF-4FB9-8796-1E053B7D215F","2023-04-17 15:19:13.037919","0001-01-01 00:00:00","","False","AB995316-AC5B-4F93-3F22-08DB008453BF","0","54393067-C438-42F9-B942-EF3CFD5D3933","0","False","00000000-0000-0000-0000-000000000000","True","False","False","False","False","","","6"
"9F4EEDBA-B152-441A-B19B-08DB3F2B07C5","EB92D9C1-1888-4902-BB54-491BA0E37655","2023-04-17 15:21:29.786632","0001-01-01 00:00:00","","False","AB995316-AC5B-4F93-3F22-08DB008453BF","0","C84797E2-EB79-4332-933B-30926C43F29D","0","False","00000000-0000-0000-0000-000000000000","True","False","False","False","False","","","6"
"2F8B1873-D22E-4DE4-7A96-08DB3F73613F","C29FFA0C-D2BE-436B-BC92-BA3BBFD5974C","2023-04-17 21:21:28.564901","0001-01-01 00:00:00","","False","AB995316-AC5B-4F93-3F22-08DB008453BF","0","C84797E2-EB79-4332-933B-30926C43F29D","0","False","00000000-0000-0000-0000-000000000000","True","False","False","False","False","","","6"
"0D2CEFED-5161-48BC-7A9D-08DB3F73613F","D58236FF-C057-481C-ADCF-7994939A1752","2023-04-17 21:51:58.996502","0001-01-01 00:00:00","","False","AB995316-AC5B-4F93-3F22-08DB008453BF","0","F571B58F-3E7C-446E-A51F-6213AAAD9946","0","False","00000000-0000-0000-0000-000000000000","True","False","False","False","False","","","6"
"2FC0B468-732E-4BEE-3A02-08DB4028DE4F","66591352-C1FF-494E-8DF3-7625171EFF44","2023-04-18 16:49:12.823206","0001-01-01 00:00:00","","False","AB995316-AC5B-4F93-3F22-08DB008453BF","0","C84797E2-EB79-4332-933B-30926C43F29D","0","False","00000000-0000-0000-0000-000000000000","True","False","False","False","False","","","6"
"8B592671-195F-40D9-3A42-08DB4028DE4F","FC2F473B-8A30-41FC-90EB-4B8C5CC37871","2023-04-18 19:24:46.898749","0001-01-01 00:00:00","","False","AB995316-AC5B-4F93-3F22-08DB008453BF","0","F571B58F-3E7C-446E-A51F-6213AAAD9946","0","False","00000000-0000-0000-0000-000000000000","True","False","False","False","False","","","6"
"67715509-A8A2-46E5-3A45-08DB4028DE4F","8F41801F-F64C-4DDA-B610-B2F6BCA0EFEF","2023-04-18 19:30:53.382249","0001-01-01 00:00:00","","False","AB995316-AC5B-4F93-3F22-08DB008453BF","0","C2A53CF0-2A38-4FE1-8EE1-B12B3F7CA080","0","False","00000000-0000-0000-0000-000000000000","True","False","False","False","False","","","6"
"F234FCA2-4773-4929-D7CD-08DB40EACAFB","97E94B2B-737E-4437-BBAD-FCE65253EC7F","2023-04-19 17:44:48.992461","0001-01-01 00:00:00","","False","AB995316-AC5B-4F93-3F22-08DB008453BF","0","D356DB2D-B0B5-4E55-8AD6-7DECAA9261A1","0","False","00000000-0000-0000-0000-000000000000","True","False","False","False","False","","","6"
"022CD96C-73F6-4DB3-D7E4-08DB40EACAFB","5ED40C99-4D6A-4429-B974-AFCB138CE294","2023-04-19 19:14:44.208561","0001-01-01 00:00:00","","False","AB995316-AC5B-4F93-3F22-08DB008453BF","0","D356DB2D-B0B5-4E55-8AD6-7DECAA9261A1","0","False","00000000-0000-0000-0000-000000000000","True","False","False","False","False","","","6"
"D14BE821-8F05-4EA3-F974-08DB4272C4D8","1151EA79-01BD-426A-B80B-8FC495ECA1B0","2023-04-21 15:08:10.720829","0001-01-01 00:00:00","","False","AB995316-AC5B-4F93-3F22-08DB008453BF","0","A8DFF092-8283-47A9-A958-31676249D03D","0","False","00000000-0000-0000-0000-000000000000","True","False","False","False","False","","","6"
"2252B67B-05BC-485C-F98C-08DB4272C4D8","2991B02D-28E2-478A-844D-2C771F665F39","2023-04-21 16:30:54.125877","0001-01-01 00:00:00","","False","AB995316-AC5B-4F93-3F22-08DB008453BF","0","C2A53CF0-2A38-4FE1-8EE1-B12B3F7CA080","0","False","00000000-0000-0000-0000-000000000000","True","False","False","False","False","","","6"
"173F204A-54F0-4E00-F98D-08DB4272C4D8","752C300A-DFC0-4403-B464-D8A818CBA572","2023-04-21 16:31:40.551682","0001-01-01 00:00:00","","False","AB995316-AC5B-4F93-3F22-08DB008453BF","0","C0F3A67A-FB91-43EE-935A-6E1103BC8195","0","False","00000000-0000-0000-0000-000000000000","True","False","False","False","False","","","6"
"248AD694-97EF-488B-4333-08DB429FBDFD","8FC2F930-687B-43AD-A9D9-2505884DAD4B","2023-04-21 20:40:58.936998","0001-01-01 00:00:00","","False","AB995316-AC5B-4F93-3F22-08DB008453BF","0","07026957-ED6C-4D7C-849D-8A4C2ADE6118","0","False","00000000-0000-0000-0000-000000000000","True","False","False","False","False","","","6"
"EDAD9A82-B962-4202-4336-08DB429FBDFD","5481938C-9918-4E89-9312-4F3C11015AB4","2023-04-21 20:41:39.063902","0001-01-01 00:00:00","","False","AB995316-AC5B-4F93-3F22-08DB008453BF","0","07026957-ED6C-4D7C-849D-8A4C2ADE6118","0","False","00000000-0000-0000-0000-000000000000","True","False","False","False","False","","","6"
"7242E06F-1B11-42F3-DD8F-08DB42ABB27C","CE64DE02-3AE3-4AC0-8B3A-0E5C5B2DD948","2023-04-21 21:24:44.785390","0001-01-01 00:00:00","","False","AB995316-AC5B-4F93-3F22-08DB008453BF","0","C2A53CF0-2A38-4FE1-8EE1-B12B3F7CA080","0","False","00000000-0000-0000-0000-000000000000","True","False","False","False","False","","","6"
"A3A44D30-0A78-4AC8-4FB1-08DB4543EB79","175D03A0-5472-47BE-A421-B3CF5BAED557","2023-04-25 17:10:41.845334","0001-01-01 00:00:00","","False","AB995316-AC5B-4F93-3F22-08DB008453BF","0","D356DB2D-B0B5-4E55-8AD6-7DECAA9261A1","0","False","00000000-0000-0000-0000-000000000000","True","False","False","False","False","","","6"
"0CC8C3D7-1799-468D-4FB2-08DB4543EB79","711347A2-18D9-4DB4-95FE-E3D78FD200C5","2023-04-25 17:11:24.594652","0001-01-01 00:00:00","","False","AB995316-AC5B-4F93-3F22-08DB008453BF","0","D356DB2D-B0B5-4E55-8AD6-7DECAA9261A1","0","False","00000000-0000-0000-0000-000000000000","True","False","False","False","False","","","6"
"5A4E71E6-3E76-4AEF-4FB3-08DB4543EB79","E5357A1A-F061-4219-836D-5AF4B5C35FEE","2023-04-25 17:13:13.234291","0001-01-01 00:00:00","","False","AB995316-AC5B-4F93-3F22-08DB008453BF","0","1D0DE5F5-FF68-428B-967E-B3E2B4000E38","0","False","00000000-0000-0000-0000-000000000000","True","False","False","False","False","","","6"
"40492F4B-CA98-42DC-8089-08DB45B0F435","AAB1F43C-890C-4127-903B-173DF0C54B8E","2023-04-25 17:17:31.512187","0001-01-01 00:00:00","","False","AB995316-AC5B-4F93-3F22-08DB008453BF","0","D356DB2D-B0B5-4E55-8AD6-7DECAA9261A1","0","False","00000000-0000-0000-0000-000000000000","True","False","False","False","False","","","6"
"3089EB58-B1B5-4199-8096-08DB45B0F435","5CC9F118-B410-406F-9DEF-45A0DCEF4970","2023-04-25 18:06:46.624820","0001-01-01 00:00:00","","False","C73CFED1-5618-45BA-8186-08DAFF1D643C","0","024F4B92-6ABF-4379-8D34-0C1B38DCD098","0","False","00000000-0000-0000-0000-000000000000","True","False","False","False","False","","","6"
"D0943EFB-071D-421E-809E-08DB45B0F435","F3DF07B4-CA84-42EA-89CD-9A52DF2AA20A","2023-04-25 18:19:01.113046","0001-01-01 00:00:00","","False","C73CFED1-5618-45BA-8186-08DAFF1D643C","0","F6433299-10EB-4070-BE16-815E30B2A56A","0","False","00000000-0000-0000-0000-000000000000","True","False","False","False","False","","","6"
"77E5EBA2-A615-400B-B682-08DB4656C51D","AECEB215-A47D-4407-B376-DB4AB79A74E2","2023-04-26 14:30:34.681839","0001-01-01 00:00:00","","False","AB995316-AC5B-4F93-3F22-08DB008453BF","0","D356DB2D-B0B5-4E55-8AD6-7DECAA9261A1","0","False","00000000-0000-0000-0000-000000000000","True","False","False","False","False","","","6"
"636ACD35-7347-4F75-B686-08DB4656C51D","E515375C-7349-468B-BD08-D547A4CD56B9","2023-04-26 14:51:10.568505","0001-01-01 00:00:00","","False","AB995316-AC5B-4F93-3F22-08DB008453BF","0","1D0DE5F5-FF68-428B-967E-B3E2B4000E38","0","False","00000000-0000-0000-0000-000000000000","True","False","False","False","False","","","6"
"01FA737B-6DBD-423A-B68C-08DB4656C51D","BF4020A0-3084-4154-B74A-AC9325DA62CB","2023-04-26 15:17:56.588668","0001-01-01 00:00:00","","False","AB995316-AC5B-4F93-3F22-08DB008453BF","0","C84797E2-EB79-4332-933B-30926C43F29D","0","False","00000000-0000-0000-0000-000000000000","True","False","False","False","False","","","6"
"D15126CC-835F-4722-B68D-08DB4656C51D","B19A1B55-7593-4792-99D2-1E699E1B92A6","2023-04-26 15:21:42.279638","0001-01-01 00:00:00","","False","AB995316-AC5B-4F93-3F22-08DB008453BF","0","A8F23CE9-1B21-447A-BD6D-D89197FEDDBC","0","False","00000000-0000-0000-0000-000000000000","True","False","False","False","False","","","6"
"73A6A5CD-A755-4BEF-2CA5-08DB46845710","1A790C10-6A0D-4DEA-8E38-B401EF5BBC23","2023-04-26 20:11:31.126499","0001-01-01 00:00:00","","False","AB995316-AC5B-4F93-3F22-08DB008453BF","0","D356DB2D-B0B5-4E55-8AD6-7DECAA9261A1","0","False","00000000-0000-0000-0000-000000000000","True","False","False","False","False","","","6"
"BA9E776F-39AB-4B8A-EB2B-08DB4824C4A0","11FB529B-029D-4480-8CC3-63E77F2C42D9","2023-04-28 20:24:34.244820","0001-01-01 00:00:00","","False","AB995316-AC5B-4F93-3F22-08DB008453BF","0","A8F23CE9-1B21-447A-BD6D-D89197FEDDBC","0","False","00000000-0000-0000-0000-000000000000","True","False","False","False","False","","","6"
"72F690B5-6630-4521-EB2E-08DB4824C4A0","7A7E95CB-2639-442B-8CF2-31B235EA99AE","2023-04-28 20:25:46.976792","0001-01-01 00:00:00","","False","AB995316-AC5B-4F93-3F22-08DB008453BF","0","9396D4BA-57F6-4651-BB0F-5A7F5D1717ED","0","False","00000000-0000-0000-0000-000000000000","True","False","False","False","False","","","6"
"10787F1F-7BE4-4445-EB31-08DB4824C4A0","688CFB74-1816-43D6-BAEF-708175EB1AB2","2023-04-28 20:28:56.145619","0001-01-01 00:00:00","","False","AB995316-AC5B-4F93-3F22-08DB008453BF","0","70EB6302-FAC7-4C10-BAB2-20B558312F52","0","False","00000000-0000-0000-0000-000000000000","True","False","False","False","False","","","6"
