"Id","UserId","Description","Date","IsRead","NotificationType","Misc","IsDeleted"
"C916F101-B24B-4FBE-9B67-01FD8055B6E4","487F4A47-9CCF-42BB-D85B-08DAF8A9D2B6","Project GRACE NPC-General has been created by Anthony","2023-01-30 23:13:40.403035","True","4","{""Module"":0,""ModuleId"":""337c79b2-69f8-48a1-a200-b1206f0825f1"",""SubModuleId"":null,""Type"":null}","False"
"3E0C15C5-A47C-4EEB-B847-03EFF5249B4B","D401284E-B5D9-4C6D-9FA7-08DAF288810D","Project Lloyd Jennings-General has been created by Anthony","2023-01-30 23:45:48.075179","False","4","{""Module"":0,""ModuleId"":""1b892db3-4fa5-4221-861c-45dbd43b2388"",""SubModuleId"":null,""Type"":null}","False"
"79B29F9C-BDCF-4F20-A4A5-05541CA59E2C","487F4A47-9CCF-42BB-D85B-08DAF8A9D2B6","Project Review of MLC Cultural Assessment Report has been created by Joshua","2023-01-31 17:56:56.144730","True","4","{""Module"":0,""ModuleId"":""a2061b0b-107c-498b-8db1-e2cbe3e36a49"",""SubModuleId"":null,""Type"":null}","False"
"5F51EDF4-6D61-4C82-AC9E-064E32E4C1FC","C73CFED1-5618-45BA-8186-08DAFF1D643C","Project Review of MLC Cultural Assessment Report has been created by Joshua","2023-01-31 17:56:56.144734","False","4","{""Module"":0,""ModuleId"":""a2061b0b-107c-498b-8db1-e2cbe3e36a49"",""SubModuleId"":null,""Type"":null}","False"
"BCB4F74C-F6FB-4E70-8CE2-06ABF73B5AE7","C73CFED1-5618-45BA-8186-08DAFF1D643C","Project Gatemaster Technology Corporation Inc-General has been created by Amber","2023-01-27 16:31:31.935278","False","4","{""Module"":0,""ModuleId"":""bf2add7e-05b0-4edd-9e78-18cbd8465c97"",""SubModuleId"":null,""Type"":null}","False"
"D72D2A89-DCD4-42E5-A38D-08DC19984C52","DA6AC379-A8D7-4507-8182-08DAFF1D643C","Project Business Transfer  J&J Estates, LLC has been created by Joshua","2023-01-31 18:14:03.515422","False","4","{""Module"":0,""ModuleId"":""f31c5ac3-21c4-4d8c-b999-6bbb363b3083"",""SubModuleId"":null,""Type"":null}","False"
"E9F20562-530E-42FF-91D7-0B42E20C5E5B","F4A5AF47-4C44-415C-8189-08DAFF1D643C","Project SLC Psych Lease Review has been created by Joshua","2023-01-31 18:17:38.843839","False","4","{""Module"":0,""ModuleId"":""c0f3a67a-fb91-43ee-935a-6e1103bc8195"",""SubModuleId"":null,""Type"":null}","False"
"358C5FBF-8C2B-4A3C-9E3B-0C6EEF16C707","50A482D2-A62E-4DDD-8181-08DAFF1D643C","Project NCF Corporate cleanup of Entities has been created by Joshua","2023-01-31 18:21:04.567656","False","4","{""Module"":0,""ModuleId"":""cb870cad-4d9b-4686-99a1-6f3bc6e862eb"",""SubModuleId"":null,""Type"":null}","False"
"B786157B-34C7-4B44-B691-0DE57EFC75A4","487F4A47-9CCF-42BB-D85B-08DAF8A9D2B6","Project NCF Corporate - Catalyst-General has been created by Amber","2023-01-27 16:36:39.713007","True","4","{""Module"":0,""ModuleId"":""d5a4cd3b-38a8-4bb2-a20d-8029a494860e"",""SubModuleId"":null,""Type"":null}","False"
"AB05DEB8-4B96-43D4-AD2C-0DE9A12AA706","E04BD2D2-1A48-4EFE-8184-08DAFF1D643C","Project GRACE NPC-General has been created by Anthony","2023-01-30 23:13:40.403038","True","4","{""Module"":0,""ModuleId"":""337c79b2-69f8-48a1-a200-b1206f0825f1"",""SubModuleId"":null,""Type"":null}","False"
"1E3A4F96-4974-40EB-B037-0F9426F2AF40","A753707C-58AB-43A4-D85E-08DAF8A9D2B6","Project Review of MLC Cultural Assessment Report has been created by Joshua","2023-01-31 17:56:56.144731","False","4","{""Module"":0,""ModuleId"":""a2061b0b-107c-498b-8db1-e2cbe3e36a49"",""SubModuleId"":null,""Type"":null}","False"
"59F413DC-0460-4B99-9610-0F9C5406EEC3","A753707C-58AB-43A4-D85E-08DAF8A9D2B6","Project Gatemaster Technology Corporation Inc-General has been created by Amber","2023-01-27 16:31:31.935276","False","4","{""Module"":0,""ModuleId"":""bf2add7e-05b0-4edd-9e78-18cbd8465c97"",""SubModuleId"":null,""Type"":null}","False"
"A49B3CC8-4F06-4DFC-BF06-100570F1F088","6FF70A9C-83D2-4E93-8187-08DAFF1D643C","Project NCF Corporate cleanup of Entities has been created by Joshua","2023-01-31 18:21:04.567659","False","4","{""Module"":0,""ModuleId"":""cb870cad-4d9b-4686-99a1-6f3bc6e862eb"",""SubModuleId"":null,""Type"":null}","False"
"9F2B6A5C-986F-4237-97C8-12F2CA04D201","50A482D2-A62E-4DDD-8181-08DAFF1D643C","Project Business Transfer  J&J Estates, LLC has been created by Joshua","2023-01-31 18:14:03.515422","False","4","{""Module"":0,""ModuleId"":""f31c5ac3-21c4-4d8c-b999-6bbb363b3083"",""SubModuleId"":null,""Type"":null}","False"
"FCE06035-4CFB-41D0-8888-14AE13062940","E04BD2D2-1A48-4EFE-8184-08DAFF1D643C","Project SLC Psych Lease Review has been created by Joshua","2023-01-31 18:17:38.843838","False","4","{""Module"":0,""ModuleId"":""c0f3a67a-fb91-43ee-935a-6e1103bc8195"",""SubModuleId"":null,""Type"":null}","False"
"62F99128-90DF-4F2D-8B53-17D3F52B69B1","F4A5AF47-4C44-415C-8189-08DAFF1D643C","Project OFS Rebate Program has been created by Joshua","2023-02-03 21:35:51.556557","False","4","{""Module"":0,""ModuleId"":""e7f1918a-559c-4d8a-b622-601125f68cca"",""SubModuleId"":null,""Type"":null}","False"
"82234D42-2D4F-4428-AF41-1A974A1FC257","A753707C-58AB-43A4-D85E-08DAF8A9D2B6","Project OFS Interiors-General has been created by Amber","2023-01-27 16:45:05.503451","False","4","{""Module"":0,""ModuleId"":""e7d70478-bb65-46b8-bce7-99ad060ba73e"",""SubModuleId"":null,""Type"":null}","False"
"23DDF9A2-2099-4D26-B6A3-20234B9DEB58","D401284E-B5D9-4C6D-9FA7-08DAF288810D","Project GRACE NPC-General has been created by Anthony","2023-01-30 23:13:40.403034","False","4","{""Module"":0,""ModuleId"":""337c79b2-69f8-48a1-a200-b1206f0825f1"",""SubModuleId"":null,""Type"":null}","False"
"CF883544-135A-44F5-A6C5-203145B72678","A753707C-58AB-43A4-D85E-08DAF8A9D2B6","Project Scalability - Catalyst-General has been created by Amber","2023-01-27 16:53:49.829394","False","4","{""Module"":0,""ModuleId"":""2db392ca-6086-4a66-9f9c-cce07feebcd7"",""SubModuleId"":null,""Type"":null}","False"
"841A30CF-E954-4B4A-BE0E-206EB0D677C0","D401284E-B5D9-4C6D-9FA7-08DAF288810D","Project New Ascent Inc-General has been created by Amber","2023-01-27 16:39:14.540740","False","4","{""Module"":0,""ModuleId"":""dc1189f1-9d2c-4957-9b89-a8f8f6788ba6"",""SubModuleId"":null,""Type"":null}","False"
"229E1930-4483-4B21-A0E4-213ED471559A","F4A5AF47-4C44-415C-8189-08DAFF1D643C","Project SB Yab Co LLC-General has been created by Anthony","2023-01-30 22:51:31.143178","False","4","{""Module"":0,""ModuleId"":""02551bc4-ca63-4be4-a6ff-b2c88f245aaf"",""SubModuleId"":null,""Type"":null}","False"
"4D0F5E02-CF18-4821-8D22-215D61199F0A","D401284E-B5D9-4C6D-9FA7-08DAF288810D","Project NCF Corporate - Catalyst-General has been created by Amber","2023-01-27 16:36:39.713006","False","4","{""Module"":0,""ModuleId"":""d5a4cd3b-38a8-4bb2-a20d-8029a494860e"",""SubModuleId"":null,""Type"":null}","False"
"85580175-F0FF-4A2F-A0C0-24D9FDDF417F","DA6AC379-A8D7-4507-8182-08DAFF1D643C","Project NCF Corporate - Catalyst-General has been created by Amber","2023-01-27 16:36:39.713009","True","4","{""Module"":0,""ModuleId"":""d5a4cd3b-38a8-4bb2-a20d-8029a494860e"",""SubModuleId"":null,""Type"":null}","False"
"5A6CB8FC-9686-4A23-9EE9-26A313B94ADE","6FF70A9C-83D2-4E93-8187-08DAFF1D643C","Project Business Transfer  J&J Estates, LLC has been created by Joshua","2023-01-31 18:14:03.515423","False","4","{""Module"":0,""ModuleId"":""f31c5ac3-21c4-4d8c-b999-6bbb363b3083"",""SubModuleId"":null,""Type"":null}","False"
"B37E3A97-1373-4E38-826C-29C13E800D99","C73CFED1-5618-45BA-8186-08DAFF1D643C","Project SLC Psych Lease Review has been created by Joshua","2023-01-31 18:17:38.843838","False","4","{""Module"":0,""ModuleId"":""c0f3a67a-fb91-43ee-935a-6e1103bc8195"",""SubModuleId"":null,""Type"":null}","False"
"068E8511-988F-4D72-8AEE-2B7E132D18E6","50A482D2-A62E-4DDD-8181-08DAFF1D643C","Project NCF Corporate - Catalyst-General has been created by Amber","2023-01-27 16:36:39.713009","False","4","{""Module"":0,""ModuleId"":""d5a4cd3b-38a8-4bb2-a20d-8029a494860e"",""SubModuleId"":null,""Type"":null}","False"
"0EB0F828-8733-4945-ACBD-2BBA48E121A6","D401284E-B5D9-4C6D-9FA7-08DAF288810D","Project SLC Psych Lease Review has been created by Joshua","2023-01-31 18:17:38.843834","False","4","{""Module"":0,""ModuleId"":""c0f3a67a-fb91-43ee-935a-6e1103bc8195"",""SubModuleId"":null,""Type"":null}","False"
"D97A0A36-3ADA-4D28-BD48-2DB119068398","C73CFED1-5618-45BA-8186-08DAFF1D643C","Project OFS Rebate Program has been created by Joshua","2023-02-03 21:35:51.556557","False","4","{""Module"":0,""ModuleId"":""e7f1918a-559c-4d8a-b622-601125f68cca"",""SubModuleId"":null,""Type"":null}","False"
"A5A74AF0-2043-4241-972A-2E919F12A266","DA6AC379-A8D7-4507-8182-08DAFF1D643C","Project GRACE NPC-General has been created by Anthony","2023-01-30 23:13:40.403036","False","4","{""Module"":0,""ModuleId"":""337c79b2-69f8-48a1-a200-b1206f0825f1"",""SubModuleId"":null,""Type"":null}","False"
"495F7211-4D5F-4A0E-997E-2FB5675C9319","DA6AC379-A8D7-4507-8182-08DAFF1D643C","Project NCF Corporate cleanup of Entities has been created by Joshua","2023-01-31 18:21:04.567657","False","4","{""Module"":0,""ModuleId"":""cb870cad-4d9b-4686-99a1-6f3bc6e862eb"",""SubModuleId"":null,""Type"":null}","False"
"E709B521-6B69-457B-AF3B-303637AFC72A","50A482D2-A62E-4DDD-8181-08DAFF1D643C","Project GRACE NPC-General has been created by Anthony","2023-01-30 23:13:40.403035","False","4","{""Module"":0,""ModuleId"":""337c79b2-69f8-48a1-a200-b1206f0825f1"",""SubModuleId"":null,""Type"":null}","False"
"06F45654-802B-44CF-9A5F-307F509495FF","DA6AC379-A8D7-4507-8182-08DAFF1D643C","Project Gatemaster Technology Corporation Inc-General has been created by Amber","2023-01-27 16:31:31.935277","True","4","{""Module"":0,""ModuleId"":""bf2add7e-05b0-4edd-9e78-18cbd8465c97"",""SubModuleId"":null,""Type"":null}","False"
"684C1408-A997-4C08-AD43-31B82003174F","487F4A47-9CCF-42BB-D85B-08DAF8A9D2B6","Project NCF Corporate cleanup of Entities has been created by Joshua","2023-01-31 18:21:04.567654","True","4","{""Module"":0,""ModuleId"":""cb870cad-4d9b-4686-99a1-6f3bc6e862eb"",""SubModuleId"":null,""Type"":null}","False"
"A91CE1F3-BEE2-496E-B1EF-31BC44D87CCA","F4A5AF47-4C44-415C-8189-08DAFF1D643C","Project NCF Corporate cleanup of Entities has been created by Joshua","2023-01-31 18:21:04.567664","False","4","{""Module"":0,""ModuleId"":""cb870cad-4d9b-4686-99a1-6f3bc6e862eb"",""SubModuleId"":null,""Type"":null}","False"
"912CCA40-DEDD-403C-B5EA-34CFCFD45513","D401284E-B5D9-4C6D-9FA7-08DAF288810D","Project Scalability - Catalyst-General has been created by Amber","2023-01-27 16:53:49.829393","False","4","{""Module"":0,""ModuleId"":""2db392ca-6086-4a66-9f9c-cce07feebcd7"",""SubModuleId"":null,""Type"":null}","False"
"B6EBFBC2-0C97-4DBF-91F1-39D827592534","D401284E-B5D9-4C6D-9FA7-08DAF288810D","Project NCF Corporate cleanup of Entities has been created by Joshua","2023-01-31 18:21:04.567652","False","4","{""Module"":0,""ModuleId"":""cb870cad-4d9b-4686-99a1-6f3bc6e862eb"",""SubModuleId"":null,""Type"":null}","False"
"6B4D7795-B659-41B7-A7A9-3BC6CCC779C1","487F4A47-9CCF-42BB-D85B-08DAF8A9D2B6","Project Business Transfer  J&J Estates, LLC has been created by Joshua","2023-01-31 18:14:03.515421","True","4","{""Module"":0,""ModuleId"":""f31c5ac3-21c4-4d8c-b999-6bbb363b3083"",""SubModuleId"":null,""Type"":null}","False"
"77A9C0C8-869E-46E8-ADF8-3D72AB69372D","A753707C-58AB-43A4-D85E-08DAF8A9D2B6","Project SLC Psych Lease Review has been created by Joshua","2023-01-31 18:17:38.843835","False","4","{""Module"":0,""ModuleId"":""c0f3a67a-fb91-43ee-935a-6e1103bc8195"",""SubModuleId"":null,""Type"":null}","False"
"13F03BE2-7DCF-4441-98A3-3ED0F5BBB455","C73CFED1-5618-45BA-8186-08DAFF1D643C","Project Scalability - Catalyst-General has been created by Amber","2023-01-27 16:53:49.829396","False","4","{""Module"":0,""ModuleId"":""2db392ca-6086-4a66-9f9c-cce07feebcd7"",""SubModuleId"":null,""Type"":null}","False"
"39E7345A-49C6-45AF-8BD5-3F4C678D68A5","50A482D2-A62E-4DDD-8181-08DAFF1D643C","Project OFS Interiors-General has been created by Amber","2023-01-27 16:45:05.503452","False","4","{""Module"":0,""ModuleId"":""e7d70478-bb65-46b8-bce7-99ad060ba73e"",""SubModuleId"":null,""Type"":null}","False"
"C5CAAFE2-BCD1-42A8-BF9C-3F814E60D870","C73CFED1-5618-45BA-8186-08DAFF1D643C","Project GRACE NPC-General has been created by Anthony","2023-01-30 23:13:40.403038","False","4","{""Module"":0,""ModuleId"":""337c79b2-69f8-48a1-a200-b1206f0825f1"",""SubModuleId"":null,""Type"":null}","False"
"B72B0CA5-4964-4FE0-B924-46A08C2B6C76","487F4A47-9CCF-42BB-D85B-08DAF8A9D2B6","Project Lloyd Jennings-General has been created by Anthony","2023-01-30 23:45:48.075180","True","4","{""Module"":0,""ModuleId"":""1b892db3-4fa5-4221-861c-45dbd43b2388"",""SubModuleId"":null,""Type"":null}","False"
"9C41CB2B-C2E0-40B2-BEB4-4AD295A5767A","A753707C-58AB-43A4-D85E-08DAF8A9D2B6","Project OFS Rebate Program has been created by Joshua","2023-02-03 21:35:51.556554","False","4","{""Module"":0,""ModuleId"":""e7f1918a-559c-4d8a-b622-601125f68cca"",""SubModuleId"":null,""Type"":null}","False"
"FDD052DE-48D6-4AB8-957A-50F8C819519D","D401284E-B5D9-4C6D-9FA7-08DAF288810D","Project OFS Rebate Program has been created by Joshua","2023-02-03 21:35:51.556553","False","4","{""Module"":0,""ModuleId"":""e7f1918a-559c-4d8a-b622-601125f68cca"",""SubModuleId"":null,""Type"":null}","False"
"4BF43E75-0C93-43F1-B125-53D548D90EEF","50A482D2-A62E-4DDD-8181-08DAFF1D643C","Project New Ascent Inc-General has been created by Amber","2023-01-27 16:39:14.540742","False","4","{""Module"":0,""ModuleId"":""dc1189f1-9d2c-4957-9b89-a8f8f6788ba6"",""SubModuleId"":null,""Type"":null}","False"
"17EC5228-C71A-4131-97CE-541C3EFF8615","C73CFED1-5618-45BA-8186-08DAFF1D643C","Project NCF Corporate cleanup of Entities has been created by Joshua","2023-01-31 18:21:04.567663","False","4","{""Module"":0,""ModuleId"":""cb870cad-4d9b-4686-99a1-6f3bc6e862eb"",""SubModuleId"":null,""Type"":null}","False"
"76CF5F40-9165-4EB5-B550-5491C4367D9E","E04BD2D2-1A48-4EFE-8184-08DAFF1D643C","Project SB Yab Co LLC-General has been created by Anthony","2023-01-30 22:51:31.143177","True","4","{""Module"":0,""ModuleId"":""02551bc4-ca63-4be4-a6ff-b2c88f245aaf"",""SubModuleId"":null,""Type"":null}","False"
"C9F709AC-6257-44AC-B9B1-55D62E93FB21","487F4A47-9CCF-42BB-D85B-08DAF8A9D2B6","Project OFS Rebate Program has been created by Joshua","2023-02-03 21:35:51.556553","True","4","{""Module"":0,""ModuleId"":""e7f1918a-559c-4d8a-b622-601125f68cca"",""SubModuleId"":null,""Type"":null}","False"
"3275A927-F60A-4393-BEAB-581EE6A05180","F4A5AF47-4C44-415C-8189-08DAFF1D643C","Project Lloyd Jennings-General has been created by Anthony","2023-01-30 23:45:48.075190","False","4","{""Module"":0,""ModuleId"":""1b892db3-4fa5-4221-861c-45dbd43b2388"",""SubModuleId"":null,""Type"":null}","False"
"938F1C89-2D33-405B-A26D-5874B15FC38C","E04BD2D2-1A48-4EFE-8184-08DAFF1D643C","Project NCF Corporate - Catalyst-General has been created by Amber","2023-01-27 16:36:39.713010","False","4","{""Module"":0,""ModuleId"":""d5a4cd3b-38a8-4bb2-a20d-8029a494860e"",""SubModuleId"":null,""Type"":null}","False"
"21524397-8AEE-4E16-9DBE-5D240E12B150","C73CFED1-5618-45BA-8186-08DAFF1D643C","Project SB Yab Co LLC-General has been created by Anthony","2023-01-30 22:51:31.143177","False","4","{""Module"":0,""ModuleId"":""02551bc4-ca63-4be4-a6ff-b2c88f245aaf"",""SubModuleId"":null,""Type"":null}","False"
"0E19F23E-9861-418D-93CD-65E388E05988","E04BD2D2-1A48-4EFE-8184-08DAFF1D643C","Project OFS Interiors-General has been created by Amber","2023-01-27 16:45:05.503453","False","4","{""Module"":0,""ModuleId"":""e7d70478-bb65-46b8-bce7-99ad060ba73e"",""SubModuleId"":null,""Type"":null}","False"
"C34F08E8-7266-4E16-B2C4-66B0390AB8DB","487F4A47-9CCF-42BB-D85B-08DAF8A9D2B6","Project Gatemaster Technology Corporation Inc-General has been created by Amber","2023-01-27 16:31:31.935276","True","4","{""Module"":0,""ModuleId"":""bf2add7e-05b0-4edd-9e78-18cbd8465c97"",""SubModuleId"":null,""Type"":null}","False"
"51D06811-2CBF-4207-9F7C-67934BDC186B","50A482D2-A62E-4DDD-8181-08DAFF1D643C","Project Gatemaster Technology Corporation Inc-General has been created by Amber","2023-01-27 16:31:31.935277","False","4","{""Module"":0,""ModuleId"":""bf2add7e-05b0-4edd-9e78-18cbd8465c97"",""SubModuleId"":null,""Type"":null}","False"
"EAF3D873-B130-4C6C-B44A-67DBE55EECDE","A753707C-58AB-43A4-D85E-08DAF8A9D2B6","Project GRACE NPC-General has been created by Anthony","2023-01-30 23:13:40.403035","False","4","{""Module"":0,""ModuleId"":""337c79b2-69f8-48a1-a200-b1206f0825f1"",""SubModuleId"":null,""Type"":null}","False"
"87624A63-9AF3-4971-9C8B-6850DBBCD61C","A753707C-58AB-43A4-D85E-08DAF8A9D2B6","Project New Ascent Inc-General has been created by Amber","2023-01-27 16:39:14.540742","False","4","{""Module"":0,""ModuleId"":""dc1189f1-9d2c-4957-9b89-a8f8f6788ba6"",""SubModuleId"":null,""Type"":null}","False"
"47C28D10-523E-4C99-B4E6-6A800884E448","D401284E-B5D9-4C6D-9FA7-08DAF288810D","Project Business Transfer  J&J Estates, LLC has been created by Joshua","2023-01-31 18:14:03.515420","False","4","{""Module"":0,""ModuleId"":""f31c5ac3-21c4-4d8c-b999-6bbb363b3083"",""SubModuleId"":null,""Type"":null}","False"
"3453C6A7-1534-48D6-A439-6B696555D9A5","E04BD2D2-1A48-4EFE-8184-08DAFF1D643C","Project Review of MLC Cultural Assessment Report has been created by Joshua","2023-01-31 17:56:56.144734","False","4","{""Module"":0,""ModuleId"":""a2061b0b-107c-498b-8db1-e2cbe3e36a49"",""SubModuleId"":null,""Type"":null}","False"
"00C4D0BA-BA96-4E80-B99B-701403EABBFD","DA6AC379-A8D7-4507-8182-08DAFF1D643C","Project New Ascent Inc-General has been created by Amber","2023-01-27 16:39:14.540742","True","4","{""Module"":0,""ModuleId"":""dc1189f1-9d2c-4957-9b89-a8f8f6788ba6"",""SubModuleId"":null,""Type"":null}","False"
"316EBD5C-F3BF-4B8F-81E5-7110B4B596E1","6FF70A9C-83D2-4E93-8187-08DAFF1D643C","Project Review of MLC Cultural Assessment Report has been created by Joshua","2023-01-31 17:56:56.144733","False","4","{""Module"":0,""ModuleId"":""a2061b0b-107c-498b-8db1-e2cbe3e36a49"",""SubModuleId"":null,""Type"":null}","False"
"8D75C90A-B201-43AE-89CF-7167C80B9F7C","50A482D2-A62E-4DDD-8181-08DAFF1D643C","Project Review of MLC Cultural Assessment Report has been created by Joshua","2023-01-31 17:56:56.144731","False","4","{""Module"":0,""ModuleId"":""a2061b0b-107c-498b-8db1-e2cbe3e36a49"",""SubModuleId"":null,""Type"":null}","False"
"6A41A79F-7CC1-4CBF-B1E1-71CE58E48221","E04BD2D2-1A48-4EFE-8184-08DAFF1D643C","Project Lloyd Jennings-General has been created by Anthony","2023-01-30 23:45:48.075188","True","4","{""Module"":0,""ModuleId"":""1b892db3-4fa5-4221-861c-45dbd43b2388"",""SubModuleId"":null,""Type"":null}","False"
"A629B5D3-B551-4414-A270-7AF30E972075","A753707C-58AB-43A4-D85E-08DAF8A9D2B6","Project NCF Corporate - Catalyst-General has been created by Amber","2023-01-27 16:36:39.713007","False","4","{""Module"":0,""ModuleId"":""d5a4cd3b-38a8-4bb2-a20d-8029a494860e"",""SubModuleId"":null,""Type"":null}","False"
"07A6B476-34DB-40BF-8B86-7C3C635BC238","F4A5AF47-4C44-415C-8189-08DAFF1D643C","Project Review of MLC Cultural Assessment Report has been created by Joshua","2023-01-31 17:56:56.144734","False","4","{""Module"":0,""ModuleId"":""a2061b0b-107c-498b-8db1-e2cbe3e36a49"",""SubModuleId"":null,""Type"":null}","False"
"559921D3-4E76-4A43-93E4-7CE051C967C9","6FF70A9C-83D2-4E93-8187-08DAFF1D643C","Project GRACE NPC-General has been created by Anthony","2023-01-30 23:13:40.403037","False","4","{""Module"":0,""ModuleId"":""337c79b2-69f8-48a1-a200-b1206f0825f1"",""SubModuleId"":null,""Type"":null}","False"
"351A6D8C-2136-4E9C-9369-7D8EC81EA5A9","6FF70A9C-83D2-4E93-8187-08DAFF1D643C","Project Scalability - Catalyst-General has been created by Amber","2023-01-27 16:53:49.829395","False","4","{""Module"":0,""ModuleId"":""2db392ca-6086-4a66-9f9c-cce07feebcd7"",""SubModuleId"":null,""Type"":null}","False"
"B6F60883-66B4-469C-A05E-7DAA2D554BA1","E04BD2D2-1A48-4EFE-8184-08DAFF1D643C","Project Business Transfer  J&J Estates, LLC has been created by Joshua","2023-01-31 18:14:03.515424","False","4","{""Module"":0,""ModuleId"":""f31c5ac3-21c4-4d8c-b999-6bbb363b3083"",""SubModuleId"":null,""Type"":null}","False"
"F0A89198-E492-4C9D-AAC8-7DF4EC6714D1","C73CFED1-5618-45BA-8186-08DAFF1D643C","Project NCF Corporate - Catalyst-General has been created by Amber","2023-01-27 16:36:39.713010","False","4","{""Module"":0,""ModuleId"":""d5a4cd3b-38a8-4bb2-a20d-8029a494860e"",""SubModuleId"":null,""Type"":null}","False"
"7F437E0E-68D4-4787-A626-7EBCDF273D33","DA6AC379-A8D7-4507-8182-08DAFF1D643C","Project SLC Psych Lease Review has been created by Joshua","2023-01-31 18:17:38.843836","False","4","{""Module"":0,""ModuleId"":""c0f3a67a-fb91-43ee-935a-6e1103bc8195"",""SubModuleId"":null,""Type"":null}","False"
"6E440F1E-9345-4801-9FED-7FE8035C69E9","C73CFED1-5618-45BA-8186-08DAFF1D643C","Project Business Transfer  J&J Estates, LLC has been created by Joshua","2023-01-31 18:14:03.515424","False","4","{""Module"":0,""ModuleId"":""f31c5ac3-21c4-4d8c-b999-6bbb363b3083"",""SubModuleId"":null,""Type"":null}","False"
"7BEF3941-14DE-4341-9F7D-82D84FAD0FF8","6FF70A9C-83D2-4E93-8187-08DAFF1D643C","Project SLC Psych Lease Review has been created by Joshua","2023-01-31 18:17:38.843837","False","4","{""Module"":0,""ModuleId"":""c0f3a67a-fb91-43ee-935a-6e1103bc8195"",""SubModuleId"":null,""Type"":null}","False"
"9E11D2FB-F0FE-4172-90EB-830C1816F316","D401284E-B5D9-4C6D-9FA7-08DAF288810D","Project OFS Interiors-General has been created by Amber","2023-01-27 16:45:05.503450","False","4","{""Module"":0,""ModuleId"":""e7d70478-bb65-46b8-bce7-99ad060ba73e"",""SubModuleId"":null,""Type"":null}","False"
"4BE58757-12C2-44BC-B68A-89254C711CA8","50A482D2-A62E-4DDD-8181-08DAFF1D643C","Project SLC Psych Lease Review has been created by Joshua","2023-01-31 18:17:38.843836","False","4","{""Module"":0,""ModuleId"":""c0f3a67a-fb91-43ee-935a-6e1103bc8195"",""SubModuleId"":null,""Type"":null}","False"
"1642240F-F243-417E-AF5B-89EB8A343345","6FF70A9C-83D2-4E93-8187-08DAFF1D643C","Project OFS Rebate Program has been created by Joshua","2023-02-03 21:35:51.556555","False","4","{""Module"":0,""ModuleId"":""e7f1918a-559c-4d8a-b622-601125f68cca"",""SubModuleId"":null,""Type"":null}","False"
"7F0531A7-AB74-488D-B5EE-8BD5FDB84886","A753707C-58AB-43A4-D85E-08DAF8A9D2B6","Project SB Yab Co LLC-General has been created by Anthony","2023-01-30 22:51:31.143175","False","4","{""Module"":0,""ModuleId"":""02551bc4-ca63-4be4-a6ff-b2c88f245aaf"",""SubModuleId"":null,""Type"":null}","False"
"D73E80CC-74E9-4E70-8062-8D581DE48A2D","6FF70A9C-83D2-4E93-8187-08DAFF1D643C","Project OFS Interiors-General has been created by Amber","2023-01-27 16:45:05.503453","False","4","{""Module"":0,""ModuleId"":""e7d70478-bb65-46b8-bce7-99ad060ba73e"",""SubModuleId"":null,""Type"":null}","False"
"5C317A7E-501E-4FD4-A162-8FC398BC262B","A753707C-58AB-43A4-D85E-08DAF8A9D2B6","Project NCF Corporate cleanup of Entities has been created by Joshua","2023-01-31 18:21:04.567655","False","4","{""Module"":0,""ModuleId"":""cb870cad-4d9b-4686-99a1-6f3bc6e862eb"",""SubModuleId"":null,""Type"":null}","False"
"A3E4A55A-3619-4425-84C8-90A53A5882D2","A753707C-58AB-43A4-D85E-08DAF8A9D2B6","Project Lloyd Jennings-General has been created by Anthony","2023-01-30 23:45:48.075181","False","4","{""Module"":0,""ModuleId"":""1b892db3-4fa5-4221-861c-45dbd43b2388"",""SubModuleId"":null,""Type"":null}","False"
"7DEC2A28-9FC8-437C-846E-9ABE37DF8639","F4A5AF47-4C44-415C-8189-08DAFF1D643C","Project Business Transfer  J&J Estates, LLC has been created by Joshua","2023-01-31 18:14:03.515424","False","4","{""Module"":0,""ModuleId"":""f31c5ac3-21c4-4d8c-b999-6bbb363b3083"",""SubModuleId"":null,""Type"":null}","False"
"DA052C79-F34C-4C33-83A7-9F1CB7AE6632","F4A5AF47-4C44-415C-8189-08DAFF1D643C","Project GRACE NPC-General has been created by Anthony","2023-01-30 23:13:40.403038","False","4","{""Module"":0,""ModuleId"":""337c79b2-69f8-48a1-a200-b1206f0825f1"",""SubModuleId"":null,""Type"":null}","False"
"E4066C49-D456-49F6-A061-A0CAE428A780","DA6AC379-A8D7-4507-8182-08DAFF1D643C","Project SB Yab Co LLC-General has been created by Anthony","2023-01-30 22:51:31.143176","False","4","{""Module"":0,""ModuleId"":""02551bc4-ca63-4be4-a6ff-b2c88f245aaf"",""SubModuleId"":null,""Type"":null}","False"
"C40B124D-CDA8-459E-8471-A10080E1ED47","6FF70A9C-83D2-4E93-8187-08DAFF1D643C","Project SB Yab Co LLC-General has been created by Anthony","2023-01-30 22:51:31.143176","False","4","{""Module"":0,""ModuleId"":""02551bc4-ca63-4be4-a6ff-b2c88f245aaf"",""SubModuleId"":null,""Type"":null}","False"
"FC43CB72-CDD0-4380-B928-A56E97AD9BF5","487F4A47-9CCF-42BB-D85B-08DAF8A9D2B6","Project SB Yab Co LLC-General has been created by Anthony","2023-01-30 22:51:31.143175","True","4","{""Module"":0,""ModuleId"":""02551bc4-ca63-4be4-a6ff-b2c88f245aaf"",""SubModuleId"":null,""Type"":null}","False"
"8C151D62-B983-42F5-BC98-A8EEB74F517A","50A482D2-A62E-4DDD-8181-08DAFF1D643C","Project Lloyd Jennings-General has been created by Anthony","2023-01-30 23:45:48.075182","False","4","{""Module"":0,""ModuleId"":""1b892db3-4fa5-4221-861c-45dbd43b2388"",""SubModuleId"":null,""Type"":null}","False"
"F5977054-9092-453F-94B4-AFBA6C5DDA96","D401284E-B5D9-4C6D-9FA7-08DAF288810D","Project SB Yab Co LLC-General has been created by Anthony","2023-01-30 22:51:31.143174","False","4","{""Module"":0,""ModuleId"":""02551bc4-ca63-4be4-a6ff-b2c88f245aaf"",""SubModuleId"":null,""Type"":null}","False"
"D0D7F28D-C866-4C0E-906C-B34F9A6C5E08","A753707C-58AB-43A4-D85E-08DAF8A9D2B6","Project Business Transfer  J&J Estates, LLC has been created by Joshua","2023-01-31 18:14:03.515421","False","4","{""Module"":0,""ModuleId"":""f31c5ac3-21c4-4d8c-b999-6bbb363b3083"",""SubModuleId"":null,""Type"":null}","False"
"71EA28DF-FE82-415C-81BA-B489AB93320E","6FF70A9C-83D2-4E93-8187-08DAFF1D643C","Project Lloyd Jennings-General has been created by Anthony","2023-01-30 23:45:48.075187","False","4","{""Module"":0,""ModuleId"":""1b892db3-4fa5-4221-861c-45dbd43b2388"",""SubModuleId"":null,""Type"":null}","False"
"52D34B2E-6F78-4FEB-AD11-B5DAEF8F3449","DA6AC379-A8D7-4507-8182-08DAFF1D643C","Project Scalability - Catalyst-General has been created by Amber","2023-01-27 16:53:49.829394","True","4","{""Module"":0,""ModuleId"":""2db392ca-6086-4a66-9f9c-cce07feebcd7"",""SubModuleId"":null,""Type"":null}","False"
"07CE80AD-1BF6-4A9C-9A6B-BDFC489D07C4","E04BD2D2-1A48-4EFE-8184-08DAFF1D643C","Project OFS Rebate Program has been created by Joshua","2023-02-03 21:35:51.556556","False","4","{""Module"":0,""ModuleId"":""e7f1918a-559c-4d8a-b622-601125f68cca"",""SubModuleId"":null,""Type"":null}","False"
"F54117CE-0E2E-4296-9F2F-BE48B1667ACD","487F4A47-9CCF-42BB-D85B-08DAF8A9D2B6","Project SLC Psych Lease Review has been created by Joshua","2023-01-31 18:17:38.843835","True","4","{""Module"":0,""ModuleId"":""c0f3a67a-fb91-43ee-935a-6e1103bc8195"",""SubModuleId"":null,""Type"":null}","False"
"37AA32C6-8BEF-4567-BCBB-BEFADDE43FC5","C73CFED1-5618-45BA-8186-08DAFF1D643C","Project New Ascent Inc-General has been created by Amber","2023-01-27 16:39:14.540743","False","4","{""Module"":0,""ModuleId"":""dc1189f1-9d2c-4957-9b89-a8f8f6788ba6"",""SubModuleId"":null,""Type"":null}","False"
"42126635-C10D-46DE-BEFB-C3163B7B7E5C","E04BD2D2-1A48-4EFE-8184-08DAFF1D643C","Project NCF Corporate cleanup of Entities has been created by Joshua","2023-01-31 18:21:04.567662","False","4","{""Module"":0,""ModuleId"":""cb870cad-4d9b-4686-99a1-6f3bc6e862eb"",""SubModuleId"":null,""Type"":null}","False"
"FF9652AD-9AB6-49AB-8FB8-C5B82B136206","50A482D2-A62E-4DDD-8181-08DAFF1D643C","Project OFS Rebate Program has been created by Joshua","2023-02-03 21:35:51.556554","False","4","{""Module"":0,""ModuleId"":""e7f1918a-559c-4d8a-b622-601125f68cca"",""SubModuleId"":null,""Type"":null}","False"
"8FE9F129-6DA7-4FB8-A269-C9724FA92F64","D401284E-B5D9-4C6D-9FA7-08DAF288810D","Project Gatemaster Technology Corporation Inc-General has been created by Amber","2023-01-27 16:31:31.935275","False","4","{""Module"":0,""ModuleId"":""bf2add7e-05b0-4edd-9e78-18cbd8465c97"",""SubModuleId"":null,""Type"":null}","False"
"2C348D27-5F36-4769-AFBB-CAE01CD78116","DA6AC379-A8D7-4507-8182-08DAFF1D643C","Project OFS Interiors-General has been created by Amber","2023-01-27 16:45:05.503452","True","4","{""Module"":0,""ModuleId"":""e7d70478-bb65-46b8-bce7-99ad060ba73e"",""SubModuleId"":null,""Type"":null}","False"
"C93C1021-8AB2-4329-8661-CD8F66B411E6","50A482D2-A62E-4DDD-8181-08DAFF1D643C","Project SB Yab Co LLC-General has been created by Anthony","2023-01-30 22:51:31.143175","False","4","{""Module"":0,""ModuleId"":""02551bc4-ca63-4be4-a6ff-b2c88f245aaf"",""SubModuleId"":null,""Type"":null}","False"
"C903D39B-627A-4EF8-905D-CF69F3EC0150","C73CFED1-5618-45BA-8186-08DAFF1D643C","Project Lloyd Jennings-General has been created by Anthony","2023-01-30 23:45:48.075189","False","4","{""Module"":0,""ModuleId"":""1b892db3-4fa5-4221-861c-45dbd43b2388"",""SubModuleId"":null,""Type"":null}","False"
"39384031-500D-4221-9549-D2E48A581730","487F4A47-9CCF-42BB-D85B-08DAF8A9D2B6","Project Scalability - Catalyst-General has been created by Amber","2023-01-27 16:53:49.829393","True","4","{""Module"":0,""ModuleId"":""2db392ca-6086-4a66-9f9c-cce07feebcd7"",""SubModuleId"":null,""Type"":null}","False"
"62785920-6242-43C4-A793-D855FBFA5A6B","E04BD2D2-1A48-4EFE-8184-08DAFF1D643C","Project Gatemaster Technology Corporation Inc-General has been created by Amber","2023-01-27 16:31:31.935277","False","4","{""Module"":0,""ModuleId"":""bf2add7e-05b0-4edd-9e78-18cbd8465c97"",""SubModuleId"":null,""Type"":null}","False"
"F1B5DFD0-9A3D-4A37-A34A-D857DF0A4665","D401284E-B5D9-4C6D-9FA7-08DAF288810D","Project Review of MLC Cultural Assessment Report has been created by Joshua","2023-01-31 17:56:56.144729","False","4","{""Module"":0,""ModuleId"":""a2061b0b-107c-498b-8db1-e2cbe3e36a49"",""SubModuleId"":null,""Type"":null}","False"
"707656C4-A80E-4D84-8FF8-DDC37DCAF4CF","E04BD2D2-1A48-4EFE-8184-08DAFF1D643C","Project New Ascent Inc-General has been created by Amber","2023-01-27 16:39:14.540743","False","4","{""Module"":0,""ModuleId"":""dc1189f1-9d2c-4957-9b89-a8f8f6788ba6"",""SubModuleId"":null,""Type"":null}","False"
"2529C0FB-7BE6-4861-807B-E1CE5826448A","E04BD2D2-1A48-4EFE-8184-08DAFF1D643C","Project Scalability - Catalyst-General has been created by Amber","2023-01-27 16:53:49.829395","False","4","{""Module"":0,""ModuleId"":""2db392ca-6086-4a66-9f9c-cce07feebcd7"",""SubModuleId"":null,""Type"":null}","False"
"63EDAAA3-ECC3-4446-9686-E27C7E18C8C3","487F4A47-9CCF-42BB-D85B-08DAF8A9D2B6","Project New Ascent Inc-General has been created by Amber","2023-01-27 16:39:14.540741","True","4","{""Module"":0,""ModuleId"":""dc1189f1-9d2c-4957-9b89-a8f8f6788ba6"",""SubModuleId"":null,""Type"":null}","False"
"BD0E442B-23CA-4374-A44E-E9EA7FE453FC","DA6AC379-A8D7-4507-8182-08DAFF1D643C","Project Review of MLC Cultural Assessment Report has been created by Joshua","2023-01-31 17:56:56.144732","False","4","{""Module"":0,""ModuleId"":""a2061b0b-107c-498b-8db1-e2cbe3e36a49"",""SubModuleId"":null,""Type"":null}","False"
"C45E0C23-FEB6-461A-9005-EBDDB7176F29","C73CFED1-5618-45BA-8186-08DAFF1D643C","Project OFS Interiors-General has been created by Amber","2023-01-27 16:45:05.503454","False","4","{""Module"":0,""ModuleId"":""e7d70478-bb65-46b8-bce7-99ad060ba73e"",""SubModuleId"":null,""Type"":null}","False"
"676D6FC3-744F-4127-8E4D-F0DD6424E954","50A482D2-A62E-4DDD-8181-08DAFF1D643C","Project Scalability - Catalyst-General has been created by Amber","2023-01-27 16:53:49.829394","False","4","{""Module"":0,""ModuleId"":""2db392ca-6086-4a66-9f9c-cce07feebcd7"",""SubModuleId"":null,""Type"":null}","False"
"45419463-E204-40AB-9F49-F0F41A0E6460","DA6AC379-A8D7-4507-8182-08DAFF1D643C","Project OFS Rebate Program has been created by Joshua","2023-02-03 21:35:51.556555","False","4","{""Module"":0,""ModuleId"":""e7f1918a-559c-4d8a-b622-601125f68cca"",""SubModuleId"":null,""Type"":null}","False"
"D34D347C-97C5-4C90-97CA-F275E3E96E54","487F4A47-9CCF-42BB-D85B-08DAF8A9D2B6","Project OFS Interiors-General has been created by Amber","2023-01-27 16:45:05.503450","True","4","{""Module"":0,""ModuleId"":""e7d70478-bb65-46b8-bce7-99ad060ba73e"",""SubModuleId"":null,""Type"":null}","False"
"11CB04C4-245D-426A-94A0-F5D628A5DB8A","DA6AC379-A8D7-4507-8182-08DAFF1D643C","Project Lloyd Jennings-General has been created by Anthony","2023-01-30 23:45:48.075183","False","4","{""Module"":0,""ModuleId"":""1b892db3-4fa5-4221-861c-45dbd43b2388"",""SubModuleId"":null,""Type"":null}","False"
